,image_url,Brand,Manufacturer,Model,Model Year,Product Dimensions,Item model number,Ram Memory Installed Size,Operating System,Hardware Interface,Graphics Coprocessor,Resolution,Mounting Hardware,Number Of Items,Display Technology,Standing screen display size,Display Type,Supported Image Type,Screen Resolution,Audio Output Mode,Supported Audio Format,Speaker Surround Sound Channel Configuration,Power Source,Batteries Required,Refresh Rate,Connector Type,Mounting Type,Supports Bluetooth Technology,Country of Origin,Item Weight,product,rating,price,product_url,Model Name,Batteries,Memory Storage Capacity,Tuner Technology,Response Time,Compatible Devices,Special Features,Remote Control Description,Remote Control Type,Viewing Angle,Image Aspect Ratio,Image Brightness,Image Contrast Ratio,Audio Wattage,Voltage,Wattage,Batteries Included,Battery Cell Composition,Total Usb Ports,Maximum Operating Distance,Real Angle Of View,Media Format,Includes Rechargable Battery,Remote Control Included?,Item part number,Max Resolution,GSM frequencies,Package Dimensions,Speakers Maximum Output Power,Speaker Connectivity,Maximum Memory Supported
0,https://images-eu.ssl-images-amazon.com/images/I/417CDbPCDWL._SY300_SX300_QL70_ML2_.jpg,AmazonBasics,"Veira Electronics Private Limited D-239, SEC-63, NOIDA (U.P.) 201305",AB32E10SS,2020,73.2 x 8.3 x 43.9 cm; 3.65 Kilograms,AB32E10SS,1 GB,FireOS,"USB, HDMI",Mali450 Quad core,1366x768 Pixels,"1 LED TV, 1 Table Top Stand, 1 Wall Mount, 1 User Manual, 1 Remote Control, 2 AAA Batteries, 1 Power Cord, 1 AV Converting cable",1,LED,32 Inches,LED,JPEG,1366 x 768 pixels,Surround,"Dolby Audio and DTS TruSurround, WMA, MP3_audio",Surround Sound,AC,Yes,60 Hz,Wi-Fi,Wall Mount,Yes,India,3 kg 650 g,AmazonBasics 81 cm (32 inches) HD Ready Smart LED Fire TV AB32E10SS (Black)  ,4.0 out of 5 stars,"13,499",https://amazon.in/gp/slredirect/picassoRedirect.html/ref=pa_sp_atf_next_aps_sr_pg13_1?ie=UTF8&adId=A07230511XJVOGA7KXX4I&url=%2FAmazonBasics-80cm-inch-Smart-LED%2Fdp%2FB087JX4TT4%2Fref%3Dsr_1_193_sspa%3Fkeywords%3Dtv%26qid%3D1660812315%26sr%3D8-193-spons%26psc%3D1&qualifier=1660812315&id=6238218342144193&widgetName=sp_atf_next,,,,,,,,,,,,,,,,,,,,,,,,,,,,,,,
1,https://images-eu.ssl-images-amazon.com/images/I/41gz9JZLQpL._SY300_SX300_QL70_ML2_.jpg,Coocaa,Radiant Appliances and Electronics Pvt Ltd,55Y72,2022,122.5 x 23.3 x 77.6 cm; 10.2 Kilograms,55Y72,2 GB,Android,,Mali-450 GPU,3840x2160 Pixels,"1 Led TV, 1 Wallmount,1 Remote,1 Power Cord,1 Start Guide,1 Warranty Card,2 Batteries,1 Base Stands,4 Screws",1,LED,55 Inches,IPS,"GIF, JPEG",,Surround,"Mp3_audio, Wma",DTS Surround | Dolby Audio,AC,Yes,60 Hz,"Wi-Fi, USB, Ethernet, HDMI",Wall Mount & Table Top,Yes,India,10 kg 200 g,Coocaa 138 cm (55 inches) Frameless Series 4k Ultra HD Smart Certified Android IPS Google LED TV 55Y72 (Black)  ,3.6 out of 5 stars,"39,999",https://amazon.in/gp/slredirect/picassoRedirect.html/ref=pa_sp_atf_next_aps_sr_pg13_1?ie=UTF8&adId=A05501107E9CDXMXKF91&url=%2FCoocaa-Frameless-Certified-Android-55Y72%2Fdp%2FB0B45V22TX%2Fref%3Dsr_1_194_sspa%3Fkeywords%3Dtv%26qid%3D1660812315%26sr%3D8-194-spons%26psc%3D1&qualifier=1660812315&id=6238218342144193&widgetName=sp_atf_next,55Y72,2 AAA batteries required. (included),16 GB,PAL,8 Milliseconds,"Android, Iphone","Personalised for you | Google Duo Supported | Web Touch Remote | Remote with Voice Assistant | HDR 10 | Chameleon Extreme 2.0 Picture Engine | Supported Applications : Netflix, Prime Video, Disney+Hotstar, Sonly Live, Zee5, Youtube",One Click Google Assistant | Prime Video | Youtube | Netflix | GooglePlay,"IR, Bluetooth",178 Degrees,16:09,High Brightness,4000:1,30 Watts,200 Volts,150 Watts,Yes,Lithium Ion,2,15 Feet,178 Degrees,"AVI, MPEG",No,Yes,,,,,,,
2,https://images-eu.ssl-images-amazon.com/images/I/41p0us82x9L._SX300_SY300_QL70_ML2_.jpg,Imee,iMee,,2022,55.4 x 9.8 x 42.4 cm; 6 Kilograms,,1 GB,Android,"USB, HDMI, Headphone",Mali 470,1366768 Pixels,"User Manual, Warranty Card, Remote",1,LED,32 Inches,LED,,,Surround,HD Sound with Tube Speakers,,Corded Electric,,60 Hz,Wi-Fi,"Wall mount, table top",,India,6 kg,iMee 80cm (32 inch) Premium Series Smart Android HD LED TV with SRS Surround Sound - BEE 5 Star Rated Energy Efficient (Black Colour)  ,5.0 out of 5 stars,"9,999",https://amazon.in/Premium-Smart-Android-Surround-Sound/dp/B09SG7XMJT/ref=sr_1_195?keywords=tv&qid=1660812315&sr=8-195,White,,8 GB,,2 Milliseconds,,"2 HDMI Outputs,2 USB Ports, SRS Surround Sound, A+ Grade IPS Panel, Eye Care Technology, Digital Noise Reduction.",Universal,IR,178 Degrees,16:9,,5000:1,20 Watts,220 Volts (AC),20 Watts,,,2,9 Feet,178 Degrees,,,Yes,Premium-32S-White,1366 Pixels,60 Hz,,,,
3,https://images-eu.ssl-images-amazon.com/images/I/51Gy9gJG-WL._SX300_SY300_QL70_ML2_.jpg,CROMA,Croma,CREL7364,2021,73.2 x 8.3 x 43.9 cm; 3.65 Kilograms,CREL7364,1 GB,FireOS,"USB, HDMI, Headphone",,1366768 Pixels,"1 TV Unit, 1 Remote Controller, 1 Warranty Document, 1 Wall Mount, 1 Table Top Stand, 1 User Manual, 1 IR Blaster",1,LED,32 Inches,LED,,1366 x 768 pixels,,,2.0,Corded Electric,No,60 Hz,Wi-Fi,Wall Mount,,India,3 kg 650 g,Croma 80 cm (32 Inches) Fire TV HD Ready Smart LED CREL7364 (Black) (2021 Model)  ,4.0 out of 5 stars,"12,990",https://amazon.in/Croma-Inches-Ready-Smart-CREL7364/dp/B09FF18HRF/ref=sr_1_198?keywords=tv&qid=1660812315&sr=8-198,Fire TV Edition,2 AAA batteries required. (included),8 GB,,7 Milliseconds,,,,,178 Degrees,16:9,,,20 Watts,,,Yes,Alkaline,2,,,,,Yes,,,,,,,
4,https://images-eu.ssl-images-amazon.com/images/I/51pet68bExL._SY300_SX300_QL70_ML2_.jpg,Samsung,Samsung India Pvt Ltd,QA50LS03BAKLXL,2022,22.8 x 112.4 x 67.9 cm; 12.2 Kilograms,QA50LS03BAKLXL,2.5 GB,Tizen,"USB, HDMI",Quantum Processor 4K,3840x2160 Pixels,"1 LED TV, 1 Power Cord, 1 Remote control, 2 Stand-Top (Table Top will be Provided at the time on installation)",1,QLED,50 Inches,HDR 10+,"GIF, JPEG",3840 x 2160 pixels,Surround,"Mp3_audio, Wma",Dolby Digital Plus,AC,No,50 Hz,"Wi-Fi, USB, Ethernet, HDMI",Wall Mount,Yes,India,12 kg 200 g,Samsung 125 cm (50 inches) The Frame Series 4K Smart QLED TV QA50LS03BAKLXL (Black)  ,4.1 out of 5 stars,"79,990",https://amazon.in/Samsung-inches-Frame-Smart-QA50LS03BAKLXL/dp/B09Y65D2DN/ref=sr_1_201?keywords=tv&qid=1660812315&sr=8-201,QA50LS03BAKLXL,,16 GB,DVB-T,,,"DLNA Mirroring Tap View , 360 Video Player , 360 Camera Support , Easy Setup , App Casting , WiFi Direct , Sound Mirroring , Ambient Mode+, Wireless Dex","Voice Assistant Key | Hotkey for Prime Video, Netflix and Zee5",Bluetooth,178 Degrees,16:09,High Brightness,,20 Watts,145 Volts,,,,2,17 Feet,178 Degrees,"AVI, MPEG",,Yes,,,,,,,
5,https://images-eu.ssl-images-amazon.com/images/I/51pNxJ-Ym4L._SY300_SX300_QL70_ML2_.jpg,T-Series,SUPER CASSETTES INDUSTRIES PRIVATE LIMITED,,,72 x 18.5 x 48.5 cm; 8.5 Kilograms,,,,"USB, HDMI",,768p,"Led tv ,User Manual ,Remote ,stand",1,,,,,,,,,,No,,Wi-Fi,,,India,8 kg 500 g,TSeries (60cm) 24 Inch HD Ready LED TV TX24K USB HDMI VGA Supported. (Black)  ,,"8,990",https://amazon.in/TX-24K-T-Television-24inch-Dynamic/dp/B09KM55K67/ref=sr_1_202?keywords=tv&qid=1660812315&sr=8-202,32 SMART MOVIE PLUS 802,,,,,,,,,,,,,,,45 Watts,,,,,,,,Yes,32 SMART MOVIE PLUS 802,,,,,,
6,https://images-eu.ssl-images-amazon.com/images/I/41611VFTGwL._SY300_SX300_QL70_ML2_.jpg,Redmi,Redmi,L32M6-RA/L32M7-RA,2021,73 x 8.7 x 47.6 cm; 3.92 Kilograms,L32M6-RA/L32M7-RA,1 GB,Android,"AV Port, Ethernet, HDMI, Headphone, USB 2.0",Mali G31 MP2,1366 x 768 Pixels,"1 LED TV, 2 Table Stand Base, 1 User Manual, 1 Remote Control, 4 screws",1,LED,32 Inches,A+,JPEG,1366 x 768 pixels,Stereo,"Dolby, DTS-HD, Mp3_audio",Dolby Audio | DTS Virtual: X | DTS-HD,AC,Yes,60 Hz,"Wi-Fi, USB, Ethernet, HDMI",Wall Mount,Yes,India,3 kg 920 g,Redmi 80 cm (32 inches) Android 11 Series HD Ready Smart LED TV | L32M6-RA/L32M7-RA (Black)  ,4.2 out of 5 stars,"14,999",https://amazon.in/gp/slredirect/picassoRedirect.html/ref=pa_sp_mtf_aps_sr_pg13_1?ie=UTF8&adId=A054367039CG9GF4P6B7C&url=%2FRedmi-inches-Ready-L32M6-RA-Android%2Fdp%2FB09F9YQQ7B%2Fref%3Dsr_1_203_sspa%3Fkeywords%3Dtv%26qid%3D1660812315%26sr%3D8-203-spons%26psc%3D1&qualifier=1660812315&id=6238218342144193&widgetName=sp_mtf,Redmi Smart TV 32,2 AAA batteries required.,8 GB,NTSC,,,PatchWall 4 with IMDb Integration | Kids Mode with Parental Lock | 90+ Free Live Channels | Netflix | Prime Video | Disney+ Hotstar and more | Android TV 11 | Google Assistant | Chromecast Built-in | Miracast,Remote with easy Access like Voice assistant | Ok Google | Quick Wake | Quick Mute | Quick Settings | Netflix and Prime Video buttons,Bluetooth,178 Degrees,16:09,Ultra Bright Screen,,20 Watts,240 Volts,50 Watts,No,,2,8 Feet,178 Degrees,"AVI, MPEG",,Yes,,,,,,,
7,https://images-eu.ssl-images-amazon.com/images/I/41dvZHrAhTL._SX300_SY300_QL70_ML2_.jpg,NVY,Reach NVY PVT Ltd,32 SMART TV,2022,,32 SMART TV,1 GB,Android,"Ethernet, HDMI, USB 2.0",,1366768 Pixels,"1 LED TV, 1 Table Top Stand, 1 Wall Mount Bracket, 1 User Manual, 1 Warranty Card, 1 Remote Control",1,LED,32 Inches,LED,,,Surround,"Mp3_audio, Wma",2,AC,No,60 Hz,"Wi-Fi, HDMI",Wall Mount,,India,5 kg,NVY 80 cm (32 inch) HD Ready Smart LED TV | NVA32SFR1 (Black) (2022 Model) with Android 9.0  ,4.4 out of 5 stars,"10,990",https://amazon.in/gp/slredirect/picassoRedirect.html/ref=pa_sp_mtf_aps_sr_pg13_1?ie=UTF8&adId=A06313891JMLU6VY8N7AD&url=%2FNVY-32-TV-NVA32SFR1-Android%2Fdp%2FB09WDZNLN9%2Fref%3Dsr_1_204_sspa%3Fkeywords%3Dtv%26qid%3D1660812315%26sr%3D8-204-spons%26psc%3D1&qualifier=1660812315&id=6238218342144193&widgetName=sp_mtf,NVA32SFR1,,8 GB,,8 Milliseconds,,,,IR,178 Degrees,16:9,,,20 Watts,240 Volts,48 Watts,,,2,7 Feet,,,,Yes,,,,80 x 52 x 13 cm; 5 Kilograms,,,
8,https://images-eu.ssl-images-amazon.com/images/I/41fafQ6BV0L._SY300_SX300_QL70_ML2_.jpg,TCL,Bhagwati Products Ltd,,2022,122.6 x 29.5 x 76.7 cm; 12.36 Kilograms,,2 GB,Android,"USB, HDMI, Headphone",G31MP2,3840x2160 Pixels,"1 LED TV, 1 Table Top Stand, 1 Wall Mount Bracket, 1 User Manual, 1 Warranty Card, 1 Remote Control, 2 AAA Batteries",1,QLED,55 Inches,HDR 10,"BMP, PNG, JPEG",3840 x 2160 pixels,,"Mp3_audio, Wma",Dolby Audio,AC,Yes,60 Hz,"Wi-Fi, USB, Ethernet, HDMI",Wall Mount,Yes,India,12 kg 400 g,TCL 138.7 cm (55 inches) 4K Ultra HD Smart QLED Google TV 55C635 (Black)  ,4.5 out of 5 stars,"59,990",https://amazon.in/TCL-138-7-inches-Google-55C635/dp/B0B1DNQC21/ref=sr_1_208?keywords=tv&qid=1660812315&sr=8-208,,2 AAA batteries required. (included),16 GB,DVB-T2,6.5 Milliseconds,,"Hands-Free Voice Control, 4K Google TV + HDR 10, AI-IN, T-cast | Apps: Netflix, Youtube, Prime Video & 7000+ Apps, Maximum Content: 10,62,000 Hours, Pure Entertainment",Smart remote with Dedicated Hotkeys for quick and easy access,"IR, Bluetooth",178 Degrees,16:09,High Brightness,6000:1,24 Watts,240 Volts,155 Watts,Yes,Alkaline,2,9 Feet,178 Degrees,"AVI, MPEG",No,Yes,,,,,,,
9,https://m.media-amazon.com/images/I/41+3k47ZRfL._SX300_SY300_.jpg,TCL,Mirc Electronics Ltd,43P617,2021,97 x 25.3 x 62.4 cm; 6.75 Kilograms,43P617,2 GB,Android,"USB, HDMI",Mali 470  3,3840x2160 Pixels,"1 LED TV, 1 Table Top Stand, 1 User Manual, 1 Warranty Card, 1 Remote Control, 2 AAA Batteries",1,LED,43 Inches,HDR,"GIF, PNG, JPEG",3840 x 2160 pixels,,"Mp3_audio, Wma",Dolby Audio,AC,Yes,60 Hz,"Wi-Fi, USB, Ethernet, HDMI",,Yes,India,6 kg 750 g,TCL 108 cm (43 inches) 4K Ultra HD Certified Android Smart LED TV 43P617 (Black)  ,3.8 out of 5 stars,"31,990",https://amazon.in/TCL-inches-Certified-Android-43P617/dp/B09V13V6MH/ref=sr_1_209?keywords=tv&qid=1660812315&sr=8-209,,2 AAA batteries required. (included),,DVB-T2,9.5 Milliseconds,,,Smart remote with Dedicated Hotkeys for quick and easy access | Hands free voice control,,,16:09,,5000:1,24 Watts,240 Volts,75 Watts,Yes,Alkaline,,,,,No,Yes,,,,,,,
10,https://images-eu.ssl-images-amazon.com/images/I/41Q5zqyjWPL._SY300_SX300_QL70_ML2_.jpg,Karbonn,"Westway Electronics Limited, A001D, Sector-84, Noida, G.B Nagar, Uttar Pradesh, 201305",KJW32SKHD,2021,72.2 x 8 x 42.5 cm; 4.4 Kilograms,KJW32SKHD,1 GB,Android,"USB, HDMI",Mali-G31MP2,1366x768 Pixels,"1 LED TV, 2 Table Stand Base, 1 Wall Mounting Set, 4 Screws, 1 User Manual, 1 Warranty Card, 1 Remote Control, 2 AAA Battery",1,LED,32 Inches,A+,"GIF, JPEG",,,"Mp3_audio, Wma",Sorround,AC,Yes,60 Hz,"Wi-Fi, USB, Ethernet, HDMI",Wall Mount & Table Mount,No,India,4 kg 400 g,Karbonn 80 cm (32 Inches) Millennium Series HD Ready Smart LED TV KJW32SKHD (Phantom Black) with Bezel-Less Design  ,4.4 out of 5 stars,"8,990",https://amazon.in/gp/slredirect/picassoRedirect.html/ref=pa_sp_btf_aps_sr_pg13_1?ie=UTF8&adId=A03301052HG8ZJO86QMJ4&url=%2FKarbonn-Millennium-KJW32SKHD-Phantom-Bezel-Less%2Fdp%2FB0B466C3G4%2Fref%3Dsr_1_213_sspa%3Fkeywords%3Dtv%26qid%3D1660812315%26sr%3D8-213-spons%26psc%3D1&qualifier=1660812315&id=6238218342144193&widgetName=sp_btf,KJW32SKHD,2 AAA batteries required. (included),8 GB,NTSC,8 Milliseconds,Android,"Prime Video, Inbuilt App Store, SonyLiv, Youtube, Hotstar, Android 9 (GOS), In-built Apps Store, Screen Sharing, Remote with Hotkeys, Movie Box | Supported Apps : Netflix",Navigation Keys for Easy Access,IR,178 Degrees,16:09,High brightness,3000:1,20 Watts,110 Volts,60 Watts,Yes,Manganese,2,9 Feet,178 Degrees,"AVI, MPEG",No,Yes,,,60 Hz,,,,
11,https://images-eu.ssl-images-amazon.com/images/I/51prU5hcQbL._SY300_SX300_QL70_ML2_.jpg,Sony,Sony,KD-65X74K,2022,146.3 x 8.7 x 85.2 cm; 22.1 Kilograms,KD-65X74K,,Android,"Ethernet, Composite Video, Bluetooth 5",X1 4K Processor,3840 x 2160 Pixels,"1 LED TV, 1 Warranty Card,1 AC Adapter, 1 AC Power Cord, 1 Remote Control, 1 Table-Top Stand, 1 User Manual, 2 AAA Batteries",1,LED,65 Inches,4K HDR,"TIFF, JPEG",3840 x 2160 pixels,Two channel linear,"Mp3_audio, Wma",Dolby Audio,AC,Yes,60 Hz,"Wi-Fi, USB, Ethernet, HDMI",Wall Mount & Table Mount,Yes,India,22 kg 100 g,Sony Bravia 164 cm (65 inches) 4K Ultra HD Smart LED Google TV KD-65X74K (Black)  ,4.8 out of 5 stars,"86,990",https://amazon.in/gp/slredirect/picassoRedirect.html/ref=pa_sp_btf_aps_sr_pg13_1?ie=UTF8&adId=A03768442EQ5K80ORFOW4&url=%2FSony-Bravia-inches-Google-KD-65X74K%2Fdp%2FB09WN3SRC7%2Fref%3Dsr_1_214_sspa%3Fkeywords%3Dtv%26qid%3D1660812315%26sr%3D8-214-spons%26psc%3D1&qualifier=1660812315&id=6238218342144193&widgetName=sp_btf,KD-65X74K,2 AAA batteries required. (included),,DVB-T,,"Android Phone, Home theatre, IPhone",Google TV | Watchlist | Voice Search | Google Play | Chromecast | Netflix | Amazon Prime Video | Additional Features: Apple Airplay | Apple Homekit | Alexa,One Click Google Assistant | Youtube | Netflix | Youtube Music | Prime Video,"IR, Bluetooth",178 Degrees,16:09,High Brightness,,20 Watts,240 Volts,180 Watts,Yes,Alkaline,2,5 Feet,178 Degrees,"AVI, MPEG",No,Yes,,,60 Hz,,,,
12,https://images-eu.ssl-images-amazon.com/images/I/417CDbPCDWL._SY300_SX300_QL70_ML2_.jpg,AmazonBasics,"Veira Electronics Private Limited D-239, SEC-63, NOIDA (U.P.) 201305",AB32E10SS,2020,73.2 x 8.3 x 43.9 cm; 3.65 Kilograms,AB32E10SS,1 GB,FireOS,"USB, HDMI",Mali450 Quad core,1366x768 Pixels,"1 LED TV, 1 Table Top Stand, 1 Wall Mount, 1 User Manual, 1 Remote Control, 2 AAA Batteries, 1 Power Cord, 1 AV Converting cable",1,LED,32 Inches,LED,JPEG,1366 x 768 pixels,Surround,"Dolby Audio and DTS TruSurround, WMA, MP3_audio",Surround Sound,AC,Yes,60 Hz,Wi-Fi,Wall Mount,Yes,India,3 kg 650 g,AmazonBasics 81 cm (32 inches) HD Ready Smart LED Fire TV AB32E10SS (Black)  ,4.0 out of 5 stars,"13,499",https://amazon.in/gp/slredirect/picassoRedirect.html/ref=pa_sp_atf_next_aps_sr_pg14_1?ie=UTF8&adId=A07230511XJVOGA7KXX4I&url=%2FAmazonBasics-80cm-inch-Smart-LED%2Fdp%2FB087JX4TT4%2Fref%3Dsr_1_209_sspa%3Fkeywords%3Dtv%26qid%3D1660812318%26sr%3D8-209-spons%26psc%3D1&qualifier=1660812318&id=3116023885277859&widgetName=sp_atf_next,,,,,,,,,,,,,,,,,,,,,,,,,,,,,,,
13,https://images-eu.ssl-images-amazon.com/images/I/41gz9JZLQpL._SY300_SX300_QL70_ML2_.jpg,Coocaa,Radiant Appliances and Electronics Pvt Ltd,55Y72,2022,122.5 x 23.3 x 77.6 cm; 10.2 Kilograms,55Y72,2 GB,Android,,Mali-450 GPU,3840x2160 Pixels,"1 Led TV, 1 Wallmount,1 Remote,1 Power Cord,1 Start Guide,1 Warranty Card,2 Batteries,1 Base Stands,4 Screws",1,LED,55 Inches,IPS,"GIF, JPEG",,Surround,"Mp3_audio, Wma",DTS Surround | Dolby Audio,AC,Yes,60 Hz,"Wi-Fi, USB, Ethernet, HDMI",Wall Mount & Table Top,Yes,India,10 kg 200 g,Coocaa 138 cm (55 inches) Frameless Series 4k Ultra HD Smart Certified Android IPS Google LED TV 55Y72 (Black)  ,3.6 out of 5 stars,"39,999",https://amazon.in/gp/slredirect/picassoRedirect.html/ref=pa_sp_atf_next_aps_sr_pg14_1?ie=UTF8&adId=A05501107E9CDXMXKF91&url=%2FCoocaa-Frameless-Certified-Android-55Y72%2Fdp%2FB0B45V22TX%2Fref%3Dsr_1_210_sspa%3Fkeywords%3Dtv%26qid%3D1660812318%26sr%3D8-210-spons%26psc%3D1&qualifier=1660812318&id=3116023885277859&widgetName=sp_atf_next,55Y72,2 AAA batteries required. (included),16 GB,PAL,8 Milliseconds,"Android, Iphone","Personalised for you | Google Duo Supported | Web Touch Remote | Remote with Voice Assistant | HDR 10 | Chameleon Extreme 2.0 Picture Engine | Supported Applications : Netflix, Prime Video, Disney+Hotstar, Sonly Live, Zee5, Youtube",One Click Google Assistant | Prime Video | Youtube | Netflix | GooglePlay,"IR, Bluetooth",178 Degrees,16:09,High Brightness,4000:1,30 Watts,200 Volts,150 Watts,Yes,Lithium Ion,2,15 Feet,178 Degrees,"AVI, MPEG",No,Yes,,,,,,,
14,https://images-eu.ssl-images-amazon.com/images/I/41ylee2VbPL._SY300_SX300_QL70_ML2_.jpg,SANSUI,Sansui,JSW43ASUHD,2022,107.5 x 14.3 x 66 cm; 6.75 Kilograms,JSW43ASUHD,2 GB,Android,Bluetooth,,3840x2160 Pixels,"1 TV Unit, 1 Remote Controller, 1 User Manual, 1 Warranty Card, 1 Wall Mount, 2 AAA Battery, 2 Base Stand, 4 Screws, 1 Mini AV Cable, 1 Power Cord",1,LED,43 Inches,A+,"GIF, JPEG",3840 x 2160 pixels,Surround,"MP3, WMA","Dolby Audio | DTS Studio Sound, Stereo Surround",AC,Yes,60 Hz,"Bluetooth, Wi-Fi, USB, Ethernet",Wall Mount & Table Top,Yes,India,6 kg 750 g,Sansui 109 cm (43 inches) 4K Ultra HD Certified Android LED TV JSW43ASUHD (Mystique Black) with Dolby Audio and DTS  ,3.4 out of 5 stars,"26,999",https://amazon.in/Sansui-Certified-Android-JSW43ASUHD-Mystique/dp/B09T2SJ5KG/ref=sr_1_211?keywords=tv&qid=1660812318&sr=8-211,,2 AAA batteries required. (included),8 GB,NTSC,8 Milliseconds,,"Android 10.0 (Certified by Google), Google Assistant, Alexa Enabled Support, Built-in Chromecast, Supported Apps: Prime Video | Netflix | Disney + Hotstar | YouTube | Google Play | Voice Search Smart Remote","IR, Bluetooth,Google Voice Assistant","IR, Bluetooth,Google Voice Assistant",178 Degrees,16:9,,5000:1,20 Watts,110 Volts,100 Watts,Yes,Zinc Carbon,,9 Feet,,,No,Yes,,,,,,,
15,https://images-eu.ssl-images-amazon.com/images/I/41qZGZrH-CL._SY300_SX300_QL70_ML2_.jpg,Kodak,SPPL,43CAPRO5022,2022,55 x 97 x 10 cm; 10 Kilograms,43CAPRO5022,2 GB,Android,"USB, HDMI",Mali-G52MC1,3840 x 2160 Pixels,"1 LED TV, 1 Table Stand Base, 1 User Manual, 1 Warranty Card, 1 Remote Control,1 Wall Mount, 2 AAA Battery",1,LED,43 Inches,HDR 10,JPEG,3840 x 2160 pixels,,"Mp3_audio, Wma",DTS Trusurround & Dolby MS12,AC,Yes,60 Hz,"Wi-Fi, USB, Ethernet, HDMI",,Yes,India,10 kg,Kodak 108 cm (43 inches) 4K Ultra HD Smart Android LED TV 43CAPRO5022 (Black) (2022 Model)  ,4.1 out of 5 stars,"25,999",https://amazon.in/Kodak-inches-Ultra-Android-43CAPRO5022/dp/B09PLDRLGF/ref=sr_1_212?keywords=tv&qid=1660812318&sr=8-212,CA PRO,2 AAA batteries required. (included),,DVB-T2,8 Milliseconds,,,"One Click Netflix, Amazon Prime, Google Play & Youtube Video Button Remote | Google Assistant",,,16:09,,5000:1,40 Watts,150 Volts,40 Watts,Yes,Lithium,,,,,No,Yes,,,,,,,
16,https://images-eu.ssl-images-amazon.com/images/I/51AndKiZOLL._SY300_SX300_QL70_ML2_.jpg,Samsung,Samsung India Pvt Ltd,QA85QN90BAKXXL,2022,36.6 x 189.2 x 114.4 cm; 56.7 Kilograms,QA85QN90BAKXXL,2.5 GB,Tizen,"USB, HDMI",Neo Quantum Processor 4K,3840x2160 Pixels,"1 LED TV, 1 Power Cord, 1 Remote control, 2 Stand-Top (Table Top will be Provided at the time on installation)",1,QLED,85 Inches,HDR 10+,"GIF, JPEG",3840 x 2160 pixels,Surround,"Mp3_audio, Wma",Dolby Digital Plus,AC,No,100 Hz,"Wi-Fi, USB, Ethernet, HDMI",Wall Mount,Yes,Vietnam,56 kg 700 g,Samsung 214 cm (85 inches) 4K Ultra HD Smart Neo QLED TV QA85QN90BAKXXL (Titan Black)  ,4.1 out of 5 stars,"6,69,990",https://amazon.in/Samsung-inches-Ultra-Smart-QA85QN90BAKXXL/dp/B09Y65HV6N/ref=sr_1_217?keywords=tv&qid=1660812318&sr=8-217,QA85QN90BAKXXL,,8 GB,DVB-T,,,"Neo Quantum Processor 4K , One Billion Color , PQI , Quantum HDR 24x , Certified(HDR10+ Adaptive & HDR10+ GAMING) , Expert Calibration , AI Upscale ,100% Colour Volume with Quantum Dot , Motion Xcelerator Turbo Pro, AI Upscale , Auto Game Mode (ALLM) , Game Motion Plus , Auto Game Mode (ALLM)","Voice Assistant Key | Hotkey for Prime Video, Netflix and Zee5",Bluetooth,178 Degrees,16:09,High Brightness,,60 Watts,375 Volts,60 Watts,No,,2,28 Feet,178 Degrees,"AVI, MPEG",,Yes,,,,,,,
17,https://images-eu.ssl-images-amazon.com/images/I/41611VFTGwL._SY300_SX300_QL70_ML2_.jpg,Redmi,Redmi,L32M6-RA/L32M7-RA,2021,73 x 8.7 x 47.6 cm; 3.92 Kilograms,L32M6-RA/L32M7-RA,1 GB,Android,"AV Port, Ethernet, HDMI, Headphone, USB 2.0",Mali G31 MP2,1366 x 768 Pixels,"1 LED TV, 2 Table Stand Base, 1 User Manual, 1 Remote Control, 4 screws",1,LED,32 Inches,A+,JPEG,1366 x 768 pixels,Stereo,"Dolby, DTS-HD, Mp3_audio",Dolby Audio | DTS Virtual: X | DTS-HD,AC,Yes,60 Hz,"Wi-Fi, USB, Ethernet, HDMI",Wall Mount,Yes,India,3 kg 920 g,Redmi 80 cm (32 inches) Android 11 Series HD Ready Smart LED TV | L32M6-RA/L32M7-RA (Black)  ,4.2 out of 5 stars,"14,999",https://amazon.in/gp/slredirect/picassoRedirect.html/ref=pa_sp_mtf_aps_sr_pg14_1?ie=UTF8&adId=A054367039CG9GF4P6B7C&url=%2FRedmi-inches-Ready-L32M6-RA-Android%2Fdp%2FB09F9YQQ7B%2Fref%3Dsr_1_219_sspa%3Fkeywords%3Dtv%26qid%3D1660812318%26sr%3D8-219-spons%26psc%3D1&qualifier=1660812318&id=3116023885277859&widgetName=sp_mtf,Redmi Smart TV 32,2 AAA batteries required.,8 GB,NTSC,,,PatchWall 4 with IMDb Integration | Kids Mode with Parental Lock | 90+ Free Live Channels | Netflix | Prime Video | Disney+ Hotstar and more | Android TV 11 | Google Assistant | Chromecast Built-in | Miracast,Remote with easy Access like Voice assistant | Ok Google | Quick Wake | Quick Mute | Quick Settings | Netflix and Prime Video buttons,Bluetooth,178 Degrees,16:09,Ultra Bright Screen,,20 Watts,240 Volts,50 Watts,No,,2,8 Feet,178 Degrees,"AVI, MPEG",,Yes,,,,,,,
18,https://images-eu.ssl-images-amazon.com/images/I/41dvZHrAhTL._SX300_SY300_QL70_ML2_.jpg,NVY,Reach NVY PVT Ltd,32 SMART TV,2022,,32 SMART TV,1 GB,Android,"Ethernet, HDMI, USB 2.0",,1366768 Pixels,"1 LED TV, 1 Table Top Stand, 1 Wall Mount Bracket, 1 User Manual, 1 Warranty Card, 1 Remote Control",1,LED,32 Inches,LED,,,Surround,"Mp3_audio, Wma",2,AC,No,60 Hz,"Wi-Fi, HDMI",Wall Mount,,India,5 kg,NVY 80 cm (32 inch) HD Ready Smart LED TV | NVA32SFR1 (Black) (2022 Model) with Android 9.0  ,4.4 out of 5 stars,"10,990",https://amazon.in/gp/slredirect/picassoRedirect.html/ref=pa_sp_mtf_aps_sr_pg14_1?ie=UTF8&adId=A06313891JMLU6VY8N7AD&url=%2FNVY-32-TV-NVA32SFR1-Android%2Fdp%2FB09WDZNLN9%2Fref%3Dsr_1_220_sspa%3Fkeywords%3Dtv%26qid%3D1660812318%26sr%3D8-220-spons%26psc%3D1&qualifier=1660812318&id=3116023885277859&widgetName=sp_mtf,NVA32SFR1,,8 GB,,8 Milliseconds,,,,IR,178 Degrees,16:9,,,20 Watts,240 Volts,48 Watts,,,2,7 Feet,,,,Yes,,,,80 x 52 x 13 cm; 5 Kilograms,,,
19,https://images-eu.ssl-images-amazon.com/images/I/411KWl06uuL._SY300_SX300_QL70_ML2_.jpg,Sony,Sony,KD-50X80K,2022,111.9 x 7 x 64.9 cm; 12.4 Kilograms,KD-50X80K,,Android,"Ethernet, Composite Video, Bluetooth 5",X1 4K HDR Processor,3840 x 2160 Pixels,"1 LED TV, 1 Warranty Card,1 AC Adapter, 1 AC Power Cord, 1 Remote Control, 1 Table-Top Stand, 1 User Manual, 2 AAA Batteries",1,LED,50 Inches,4K HDR | Motion Flow XR200,"TIFF, JPEG",3840 x 2160 pixels,Two channel linear,"Mp3_audio, Wma",Dolby Atmos,AC,Yes,60 Hz,"Wi-Fi, USB, Ethernet, HDMI",Wall Mount & Table Mount,Yes,India,12 kg 400 g,Sony Bravia 126 cm (50 inches) 4K Ultra HD Smart LED Google TV KD-50X80K (Black)  ,4.8 out of 5 stars,"79,790",https://amazon.in/Sony-Bravia-inches-Google-KD-50X80K/dp/B09ZLNNMGH/ref=sr_1_223?keywords=tv&qid=1660812318&sr=8-223,Bravia,2 AAA batteries required. (included),,DVB-T,,"Android Phone, Home theatre, IPhone","Google TV, Watchlist, Voice Search, Google Play, Chromecast | Supported Apps : Netflix, Amazon Prime Video, Additional Features: Apple Airplay, Apple Homekit, Alexa",One Click Google Assistant | Youtube | Netflix | Youtube Music | Prime Video,"IR, Bluetooth",178 Degrees,16:09,High Brightness,,20 Watts,240 Volts,244 Watts,Yes,Alkaline,2,3.5 Feet,178 Degrees,"AVI, MPEG",No,Yes,,,60 Hz,,,,
20,https://images-eu.ssl-images-amazon.com/images/I/41gz9JZLQpL._SY300_SX300_QL70_ML2_.jpg,Coocaa,Radiant Appliances and Electronics Pvt Ltd,55Y72,2022,122.5 x 23.3 x 77.6 cm; 10.2 Kilograms,55Y72,2 GB,Android,,Mali-450 GPU,3840x2160 Pixels,"1 Led TV, 1 Wallmount,1 Remote,1 Power Cord,1 Start Guide,1 Warranty Card,2 Batteries,1 Base Stands,4 Screws",1,LED,55 Inches,IPS,"GIF, JPEG",,Surround,"Mp3_audio, Wma",DTS Surround | Dolby Audio,AC,Yes,60 Hz,"Wi-Fi, USB, Ethernet, HDMI",Wall Mount & Table Top,Yes,India,10 kg 200 g,Coocaa 138 cm (55 inches) Frameless Series 4k Ultra HD Smart Certified Android IPS Google LED TV 55Y72 (Black)  ,3.6 out of 5 stars,"39,999",https://amazon.in/Coocaa-Frameless-Certified-Android-55Y72/dp/B0B45V22TX/ref=sr_1_224?keywords=tv&qid=1660812318&sr=8-224,55Y72,2 AAA batteries required. (included),16 GB,PAL,8 Milliseconds,"Android, Iphone","Personalised for you | Google Duo Supported | Web Touch Remote | Remote with Voice Assistant | HDR 10 | Chameleon Extreme 2.0 Picture Engine | Supported Applications : Netflix, Prime Video, Disney+Hotstar, Sonly Live, Zee5, Youtube",One Click Google Assistant | Prime Video | Youtube | Netflix | GooglePlay,"IR, Bluetooth",178 Degrees,16:09,High Brightness,4000:1,30 Watts,200 Volts,150 Watts,Yes,Lithium Ion,2,15 Feet,178 Degrees,"AVI, MPEG",No,Yes,,,,,,,
21,https://m.media-amazon.com/images/I/41R1+jL+hpL._SX300_SY300_.jpg,Sony,Sony India Private Limited,KDL-32W6100,2020,73 x 7 x 43 cm; 5 Kilograms,KDL-32W6100,,Linux,"USB, HDMI",,1366x768 Pixels,"1 LED TV, 1 Table Top Stand, 1 User Manual, 1 Warranty Card, 1 Remote Control, 2 AAA Batteries, 1 Power Cable, 1 AC Adaptor",1,LED,32 Inches,LED,JPEG,1366 x 768 pixels,,"Mp3_audio, Wma",Open Baffle Speaker | ClearAudio+ technology | TV MusicBox,AC,No,60 Hz,"Wi-Fi, USB, HDMI",Wall Mount,No,India,5 kg,Sony Bravia 80 cm (32 inches) HD Ready Smart LED TV 32W6100 (Black) (2020 Model)  ,4.6 out of 5 stars,"25,990",https://amazon.in/Sony-Bravia-inches-Ready-32W6100/dp/B084T8MD6P/ref=sr_1_227?keywords=tv&qid=1660812318&sr=8-227,Bravia,2 AA batteries required. (included),,,,,,Comes with navigation keys on the remote for better functions,,,16:9,,Standard,20 Watts,,20.00,Yes,Alkaline,,,,,,Yes,,,,,,,
22,https://images-eu.ssl-images-amazon.com/images/I/41CdATjO55L._SX300_SY300_QL70_ML2_.jpg,Candes,Vedanta Electricals Private Limited,"40"" with Frame",2021,92.5 x 20 x 54.5 cm; 4.7 Kilograms,"40"" with Frame",,Android,HDMI,,19201080 Pixels,"1 LED TV, 2 Table Stand Base, 1 User Manual, 1 Warranty Card, 1 Remote Control",1,LED,40 Inches,A+,,1920 x 1080 pixels,Surround,"MP3, wav, wma",2.0,AC,No,60 Hz,Wi-Fi,Wall Mount,No,India,4 kg 700 g,Candes 102 cm (40 Inches) Full HD Smart Android LED TV CTPL40E1S (Black) (2021 Model)  ,3.6 out of 5 stars,"14,699",https://amazon.in/Candes-Ready-Smart-Android-CTPL40E1S/dp/B09D3KT452/ref=sr_1_228?keywords=tv&qid=1660812318&sr=8-228,"40"" with Frame TV",,,,,,Flat,,,,16:09,,300000:1,20 Watts,220 Volts (AC),50 Watts,No,,2,,,,,,,,,,,,
23,https://images-eu.ssl-images-amazon.com/images/I/41Q5zqyjWPL._SY300_SX300_QL70_ML2_.jpg,Karbonn,"Westway Electronics Limited, A001D, Sector-84, Noida, G.B Nagar, Uttar Pradesh, 201305",KJW32SKHD,2021,72.2 x 8 x 42.5 cm; 4.4 Kilograms,KJW32SKHD,1 GB,Android,"USB, HDMI",Mali-G31MP2,1366x768 Pixels,"1 LED TV, 2 Table Stand Base, 1 Wall Mounting Set, 4 Screws, 1 User Manual, 1 Warranty Card, 1 Remote Control, 2 AAA Battery",1,LED,32 Inches,A+,"GIF, JPEG",,,"Mp3_audio, Wma",Sorround,AC,Yes,60 Hz,"Wi-Fi, USB, Ethernet, HDMI",Wall Mount & Table Mount,No,India,4 kg 400 g,Karbonn 80 cm (32 Inches) Millennium Series HD Ready Smart LED TV KJW32SKHD (Phantom Black) with Bezel-Less Design  ,4.4 out of 5 stars,"8,990",https://amazon.in/gp/slredirect/picassoRedirect.html/ref=pa_sp_btf_aps_sr_pg14_1?ie=UTF8&adId=A03301052HG8ZJO86QMJ4&url=%2FKarbonn-Millennium-KJW32SKHD-Phantom-Bezel-Less%2Fdp%2FB0B466C3G4%2Fref%3Dsr_1_229_sspa%3Fkeywords%3Dtv%26qid%3D1660812318%26sr%3D8-229-spons%26psc%3D1&qualifier=1660812318&id=3116023885277859&widgetName=sp_btf,KJW32SKHD,2 AAA batteries required. (included),8 GB,NTSC,8 Milliseconds,Android,"Prime Video, Inbuilt App Store, SonyLiv, Youtube, Hotstar, Android 9 (GOS), In-built Apps Store, Screen Sharing, Remote with Hotkeys, Movie Box | Supported Apps : Netflix",Navigation Keys for Easy Access,IR,178 Degrees,16:09,High brightness,3000:1,20 Watts,110 Volts,60 Watts,Yes,Manganese,2,9 Feet,178 Degrees,"AVI, MPEG",No,Yes,,,60 Hz,,,,
24,https://images-eu.ssl-images-amazon.com/images/I/417CDbPCDWL._SY300_SX300_QL70_ML2_.jpg,AmazonBasics,"Veira Electronics Private Limited D-239, SEC-63, NOIDA (U.P.) 201305",AB32E10SS,2020,73.2 x 8.3 x 43.9 cm; 3.65 Kilograms,AB32E10SS,1 GB,FireOS,"USB, HDMI",Mali450 Quad core,1366x768 Pixels,"1 LED TV, 1 Table Top Stand, 1 Wall Mount, 1 User Manual, 1 Remote Control, 2 AAA Batteries, 1 Power Cord, 1 AV Converting cable",1,LED,32 Inches,LED,JPEG,1366 x 768 pixels,Surround,"Dolby Audio and DTS TruSurround, WMA, MP3_audio",Surround Sound,AC,Yes,60 Hz,Wi-Fi,Wall Mount,Yes,India,3 kg 650 g,AmazonBasics 81 cm (32 inches) HD Ready Smart LED Fire TV AB32E10SS (Black)  ,4.0 out of 5 stars,"13,499",https://amazon.in/gp/slredirect/picassoRedirect.html/ref=pa_sp_atf_next_aps_sr_pg15_1?ie=UTF8&adId=A07230511XJVOGA7KXX4I&url=%2FAmazonBasics-80cm-inch-Smart-LED%2Fdp%2FB087JX4TT4%2Fref%3Dsr_1_225_sspa%3Fkeywords%3Dtv%26qid%3D1660812320%26sr%3D8-225-spons%26psc%3D1&qualifier=1660812320&id=293584657745250&widgetName=sp_atf_next,,,,,,,,,,,,,,,,,,,,,,,,,,,,,,,
25,https://images-eu.ssl-images-amazon.com/images/I/41gz9JZLQpL._SY300_SX300_QL70_ML2_.jpg,Coocaa,Radiant Appliances and Electronics Pvt Ltd,55Y72,2022,122.5 x 23.3 x 77.6 cm; 10.2 Kilograms,55Y72,2 GB,Android,,Mali-450 GPU,3840x2160 Pixels,"1 Led TV, 1 Wallmount,1 Remote,1 Power Cord,1 Start Guide,1 Warranty Card,2 Batteries,1 Base Stands,4 Screws",1,LED,55 Inches,IPS,"GIF, JPEG",,Surround,"Mp3_audio, Wma",DTS Surround | Dolby Audio,AC,Yes,60 Hz,"Wi-Fi, USB, Ethernet, HDMI",Wall Mount & Table Top,Yes,India,10 kg 200 g,Coocaa 138 cm (55 inches) Frameless Series 4k Ultra HD Smart Certified Android IPS Google LED TV 55Y72 (Black)  ,3.6 out of 5 stars,"39,999",https://amazon.in/gp/slredirect/picassoRedirect.html/ref=pa_sp_atf_next_aps_sr_pg15_1?ie=UTF8&adId=A05501107E9CDXMXKF91&url=%2FCoocaa-Frameless-Certified-Android-55Y72%2Fdp%2FB0B45V22TX%2Fref%3Dsr_1_226_sspa%3Fkeywords%3Dtv%26qid%3D1660812320%26sr%3D8-226-spons%26psc%3D1&qualifier=1660812320&id=293584657745250&widgetName=sp_atf_next,55Y72,2 AAA batteries required. (included),16 GB,PAL,8 Milliseconds,"Android, Iphone","Personalised for you | Google Duo Supported | Web Touch Remote | Remote with Voice Assistant | HDR 10 | Chameleon Extreme 2.0 Picture Engine | Supported Applications : Netflix, Prime Video, Disney+Hotstar, Sonly Live, Zee5, Youtube",One Click Google Assistant | Prime Video | Youtube | Netflix | GooglePlay,"IR, Bluetooth",178 Degrees,16:09,High Brightness,4000:1,30 Watts,200 Volts,150 Watts,Yes,Lithium Ion,2,15 Feet,178 Degrees,"AVI, MPEG",No,Yes,,,,,,,
26,https://images-eu.ssl-images-amazon.com/images/I/41X7SqU1HNL._SY300_SX300_QL70_ML2_.jpg,TCL,Genus Electrotech Limited,32P30S,2018,73.2 x 18.2 x 43.1 cm; 3.9 Kilograms,32P30S,,Android,"USB, HDMI",Dual Core MALI 470,1366x768 Pixels,"1 LED TV, 1 Table Top Stand, 1 Wall Mount Bracket, 1 User Manual, 1 Warranty Card, 1 Remote Control",1,LED,32 Inches,A+,JPEG,1366 x 768 pixels,,Mp3_audio,Surround Sound,AC,No,60 Hz,"Wi-Fi, USB, HDMI",Wall Mount,No,India,3 kg 900 g,TCL 80 cm (32 inches) HD Ready Certified Android Smart LED TV 32P30S (Black)  ,4.2 out of 5 stars,"16,499",https://amazon.in/TCL-inches-Ready-Android-32P30S/dp/B07GTD1LHY/ref=sr_1_231?keywords=tv&qid=1660812320&sr=8-231,P30,2 AAA batteries required. (included),,DVB-T2/NTSC/PAL/SECAM,6.5 Milliseconds,,Smart TV Features: Android O (Certified by Google) |Dual Core MALI 470 Graphics Processor,Comes with navigation keys on the remote for better functions,"IR, Bluetooth",178 Degrees,16:9,High brightness,3000:1,16 Watts,,16 Watts,Yes,Alkaline,1,8 Feet,,DVD,,Yes,,,,,,,
27,https://images-eu.ssl-images-amazon.com/images/I/41CdATjO55L._SX300_SY300_QL70_ML2_.jpg,Candes,Vedanta Electricals Private Limited,"40"" with Frame",2021,92.5 x 20 x 54.5 cm; 4.7 Kilograms,"40"" with Frame",,Android,HDMI,,19201080 Pixels,"1 LED TV, 2 Table Stand Base, 1 User Manual, 1 Warranty Card, 1 Remote Control",1,LED,40 Inches,A+,,1920 x 1080 pixels,Surround,"MP3, wav, wma",2.0,AC,No,60 Hz,Wi-Fi,Wall Mount,No,India,4 kg 700 g,Candes 102 cm (40 Inches) Full HD Smart Android LED TV CTPL40E1S (Black) (2021 Model)  ,3.6 out of 5 stars,"14,699",https://amazon.in/Candes-Ready-Smart-Android-CTPL40E1S/dp/B09D3KT452/ref=sr_1_233?keywords=tv&qid=1660812320&sr=8-233,"40"" with Frame TV",,,,,,Flat,,,,16:09,,300000:1,20 Watts,220 Volts (AC),50 Watts,No,,2,,,,,,,,,,,,
28,https://images-eu.ssl-images-amazon.com/images/I/41611VFTGwL._SY300_SX300_QL70_ML2_.jpg,Redmi,Redmi,L32M6-RA/L32M7-RA,2021,73 x 8.7 x 47.6 cm; 3.92 Kilograms,L32M6-RA/L32M7-RA,1 GB,Android,"AV Port, Ethernet, HDMI, Headphone, USB 2.0",Mali G31 MP2,1366 x 768 Pixels,"1 LED TV, 2 Table Stand Base, 1 User Manual, 1 Remote Control, 4 screws",1,LED,32 Inches,A+,JPEG,1366 x 768 pixels,Stereo,"Dolby, DTS-HD, Mp3_audio",Dolby Audio | DTS Virtual: X | DTS-HD,AC,Yes,60 Hz,"Wi-Fi, USB, Ethernet, HDMI",Wall Mount,Yes,India,3 kg 920 g,Redmi 80 cm (32 inches) Android 11 Series HD Ready Smart LED TV | L32M6-RA/L32M7-RA (Black)  ,4.2 out of 5 stars,"14,999",https://amazon.in/gp/slredirect/picassoRedirect.html/ref=pa_sp_mtf_aps_sr_pg15_1?ie=UTF8&adId=A054367039CG9GF4P6B7C&url=%2FRedmi-inches-Ready-L32M6-RA-Android%2Fdp%2FB09F9YQQ7B%2Fref%3Dsr_1_235_sspa%3Fkeywords%3Dtv%26qid%3D1660812320%26sr%3D8-235-spons%26psc%3D1&qualifier=1660812320&id=293584657745250&widgetName=sp_mtf,Redmi Smart TV 32,2 AAA batteries required.,8 GB,NTSC,,,PatchWall 4 with IMDb Integration | Kids Mode with Parental Lock | 90+ Free Live Channels | Netflix | Prime Video | Disney+ Hotstar and more | Android TV 11 | Google Assistant | Chromecast Built-in | Miracast,Remote with easy Access like Voice assistant | Ok Google | Quick Wake | Quick Mute | Quick Settings | Netflix and Prime Video buttons,Bluetooth,178 Degrees,16:09,Ultra Bright Screen,,20 Watts,240 Volts,50 Watts,No,,2,8 Feet,178 Degrees,"AVI, MPEG",,Yes,,,,,,,
29,https://images-eu.ssl-images-amazon.com/images/I/41dvZHrAhTL._SX300_SY300_QL70_ML2_.jpg,NVY,Reach NVY PVT Ltd,32 SMART TV,2022,,32 SMART TV,1 GB,Android,"Ethernet, HDMI, USB 2.0",,1366768 Pixels,"1 LED TV, 1 Table Top Stand, 1 Wall Mount Bracket, 1 User Manual, 1 Warranty Card, 1 Remote Control",1,LED,32 Inches,LED,,,Surround,"Mp3_audio, Wma",2,AC,No,60 Hz,"Wi-Fi, HDMI",Wall Mount,,India,5 kg,NVY 80 cm (32 inch) HD Ready Smart LED TV | NVA32SFR1 (Black) (2022 Model) with Android 9.0  ,4.4 out of 5 stars,"10,990",https://amazon.in/gp/slredirect/picassoRedirect.html/ref=pa_sp_mtf_aps_sr_pg15_1?ie=UTF8&adId=A06313891JMLU6VY8N7AD&url=%2FNVY-32-TV-NVA32SFR1-Android%2Fdp%2FB09WDZNLN9%2Fref%3Dsr_1_236_sspa%3Fkeywords%3Dtv%26qid%3D1660812320%26sr%3D8-236-spons%26psc%3D1&qualifier=1660812320&id=293584657745250&widgetName=sp_mtf,NVA32SFR1,,8 GB,,8 Milliseconds,,,,IR,178 Degrees,16:9,,,20 Watts,240 Volts,48 Watts,,,2,7 Feet,,,,Yes,,,,80 x 52 x 13 cm; 5 Kilograms,,,
30,https://images-eu.ssl-images-amazon.com/images/I/51pet68bExL._SY300_SX300_QL70_ML2_.jpg,Samsung,Samsung India Pvt Ltd,QA43LS03BAKLXL,2022,19.7 x 97 x 59.2 cm; 8.9 Kilograms,QA43LS03BAKLXL,2.5 GB,Tizen,"USB, HDMI",Quantum Processor 4K,3840x2160 Pixels,"1 LED TV, 1 Power Cord, 1 Remote control, 2 Stand-Top (Table Top will be Provided at the time on installation)",1,QLED,43 Inches,HDR 10+,"GIF, JPEG",3840 x 2160 pixels,Surround,"Mp3_audio, Wma",Dolby Digital Plus,AC,No,50 Hz,"Wi-Fi, USB, Ethernet, HDMI",Wall Mount,Yes,India,8 kg 900 g,Samsung 108 cm (43 inches) The Frame Series 4K Smart QLED TV QA43LS03BAKLXL (Black)  ,4.1 out of 5 stars,"65,990",https://amazon.in/Samsung-inches-Frame-Smart-QA43LS03BAKLXL/dp/B09Y66FBDF/ref=sr_1_237?keywords=tv&qid=1660812320&sr=8-237,QA43LS03BAKLXL,,16 GB,DVB-T,,,"Mirroring , Tap View , Easy Setup , App Casting , WiFi Direct , Ambient Mode+ , Wireless Dex","Voice Assistant Key | Hotkey for Prime Video, Netflix and Zee5",Bluetooth,178 Degrees,16:09,High Brightness,,20 Watts,120 Volts,,,,2,14 Feet,178 Degrees,"AVI, MPEG",,Yes,,,,,,,
31,https://images-eu.ssl-images-amazon.com/images/I/31mFYyjNQ5L._SY300_SX300_QL70_ML2_.jpg,Westinghouse,SPPL,WH50UD82,2022,66 x 112.5 x 12 cm; 9.3 Kilograms,WH50UD82,2 GB,Android,"Bluetooth, USB, HDMI",Mali-450MP3,3840 x 2160 Pixels,"1 LED TV, 1 Wall Mount, 1 User Manual, 1 Warranty Card, 1 Remote Control, 2 AAA Battery",1,LED,50 Inches,IPS,"GIF, PNG, JPEG",,Surround,"Mp3_audio, Wma",Surround Sound,AC,Yes,60 Hz,"Wi-Fi, USB, Ethernet, HDMI",Wall Mount & Table Mount,Yes,India,9 kg 300 g,Westinghouse 126 cm (50 inches) 4K Ultra HD Certified Android LED TV WH50UD82 (Black)  ,4.1 out of 5 stars,"27,999",https://amazon.in/Westinghouse-inches-Certified-Android-WH50UD82/dp/B09TPM2F68/ref=sr_1_239?keywords=tv&qid=1660812320&sr=8-239,W Series,2 AAA batteries required. (included),8 GB,DVB-T,8 Milliseconds,,"40W Poweful Speaker |Google Voice Assistance | Android 9.0 Pie | Smart Remote | Supported Applications : Amazon prime, Sony Liv, Disney+Hotstar, Zee5, Youtube, MX Player","One Click Amazon Prime, Sony Liv & Youtube Video Button Remote | Google Assistant","IR, Bluetooth",178 Degrees,16:09,High Brightness,5000:1,40 Watts,,40 Watts,Yes,Lithium,2,9 Feet,178 Degrees,"AVI, MPEG",No,Yes,,,,,40 Watts,Usb,
32,https://images-eu.ssl-images-amazon.com/images/I/41p0us82x9L._SX300_SY300_QL70_ML2_.jpg,Imee,iMee,,2022,55.4 x 9.8 x 42.4 cm; 6 Kilograms,,1 GB,Android,"USB, HDMI, Headphone",Mali 470,1366768 Pixels,"User Manual, Warranty Card, Remote",1,LED,32 Inches,LED,,,Surround,HD Sound with Tube Speakers,,Corded Electric,,60 Hz,Wi-Fi,"Wall mount, table top",,India,6 kg,iMee 80cm (32 inch) Premium Series Smart Android HD LED TV with SRS Surround Sound - BEE 5 Star Rated Energy Efficient (White Colour)  ,5.0 out of 5 stars,"9,999",https://amazon.in/Premium-Smart-Android-Surround-Sound/dp/B09SG94KXK/ref=sr_1_242?keywords=tv&qid=1660812320&sr=8-242,White,,8 GB,,2 Milliseconds,,"2 HDMI Outputs,2 USB Ports, SRS Surround Sound, A+ Grade IPS Panel, Eye Care Technology, Digital Noise Reduction.",Universal,IR,178 Degrees,16:9,,5000:1,20 Watts,220 Volts (AC),20 Watts,,,2,9 Feet,178 Degrees,,,Yes,Premium-32S-White,1366 Pixels,60 Hz,,,,
33,https://images-eu.ssl-images-amazon.com/images/I/41Q5zqyjWPL._SY300_SX300_QL70_ML2_.jpg,Karbonn,"Westway Electronics Limited, A001D, Sector-84, Noida, G.B Nagar, Uttar Pradesh, 201305",KJW32SKHD,2021,72.2 x 8 x 42.5 cm; 4.4 Kilograms,KJW32SKHD,1 GB,Android,"USB, HDMI",Mali-G31MP2,1366x768 Pixels,"1 LED TV, 2 Table Stand Base, 1 Wall Mounting Set, 4 Screws, 1 User Manual, 1 Warranty Card, 1 Remote Control, 2 AAA Battery",1,LED,32 Inches,A+,"GIF, JPEG",,,"Mp3_audio, Wma",Sorround,AC,Yes,60 Hz,"Wi-Fi, USB, Ethernet, HDMI",Wall Mount & Table Mount,No,India,4 kg 400 g,Karbonn 80 cm (32 Inches) Millennium Series HD Ready Smart LED TV KJW32SKHD (Phantom Black) with Bezel-Less Design  ,4.4 out of 5 stars,"8,990",https://amazon.in/gp/slredirect/picassoRedirect.html/ref=pa_sp_btf_aps_sr_pg15_1?ie=UTF8&adId=A03301052HG8ZJO86QMJ4&url=%2FKarbonn-Millennium-KJW32SKHD-Phantom-Bezel-Less%2Fdp%2FB0B466C3G4%2Fref%3Dsr_1_245_sspa%3Fkeywords%3Dtv%26qid%3D1660812320%26sr%3D8-245-spons%26psc%3D1&qualifier=1660812320&id=293584657745250&widgetName=sp_btf,KJW32SKHD,2 AAA batteries required. (included),8 GB,NTSC,8 Milliseconds,Android,"Prime Video, Inbuilt App Store, SonyLiv, Youtube, Hotstar, Android 9 (GOS), In-built Apps Store, Screen Sharing, Remote with Hotkeys, Movie Box | Supported Apps : Netflix",Navigation Keys for Easy Access,IR,178 Degrees,16:09,High brightness,3000:1,20 Watts,110 Volts,60 Watts,Yes,Manganese,2,9 Feet,178 Degrees,"AVI, MPEG",No,Yes,,,60 Hz,,,,
34,https://images-eu.ssl-images-amazon.com/images/I/51prU5hcQbL._SY300_SX300_QL70_ML2_.jpg,Sony,Sony,KD-65X74K,2022,146.3 x 8.7 x 85.2 cm; 22.1 Kilograms,KD-65X74K,,Android,"Ethernet, Composite Video, Bluetooth 5",X1 4K Processor,3840 x 2160 Pixels,"1 LED TV, 1 Warranty Card,1 AC Adapter, 1 AC Power Cord, 1 Remote Control, 1 Table-Top Stand, 1 User Manual, 2 AAA Batteries",1,LED,65 Inches,4K HDR,"TIFF, JPEG",3840 x 2160 pixels,Two channel linear,"Mp3_audio, Wma",Dolby Audio,AC,Yes,60 Hz,"Wi-Fi, USB, Ethernet, HDMI",Wall Mount & Table Mount,Yes,India,22 kg 100 g,Sony Bravia 164 cm (65 inches) 4K Ultra HD Smart LED Google TV KD-65X74K (Black)  ,4.8 out of 5 stars,"86,990",https://amazon.in/gp/slredirect/picassoRedirect.html/ref=pa_sp_btf_aps_sr_pg15_1?ie=UTF8&adId=A03768442EQ5K80ORFOW4&url=%2FSony-Bravia-inches-Google-KD-65X74K%2Fdp%2FB09WN3SRC7%2Fref%3Dsr_1_246_sspa%3Fkeywords%3Dtv%26qid%3D1660812320%26sr%3D8-246-spons%26psc%3D1&qualifier=1660812320&id=293584657745250&widgetName=sp_btf,KD-65X74K,2 AAA batteries required. (included),,DVB-T,,"Android Phone, Home theatre, IPhone",Google TV | Watchlist | Voice Search | Google Play | Chromecast | Netflix | Amazon Prime Video | Additional Features: Apple Airplay | Apple Homekit | Alexa,One Click Google Assistant | Youtube | Netflix | Youtube Music | Prime Video,"IR, Bluetooth",178 Degrees,16:09,High Brightness,,20 Watts,240 Volts,180 Watts,Yes,Alkaline,2,5 Feet,178 Degrees,"AVI, MPEG",No,Yes,,,60 Hz,,,,
35,https://images-eu.ssl-images-amazon.com/images/I/417CDbPCDWL._SY300_SX300_QL70_ML2_.jpg,AmazonBasics,"Veira Electronics Private Limited D-239, SEC-63, NOIDA (U.P.) 201305",AB32E10SS,2020,73.2 x 8.3 x 43.9 cm; 3.65 Kilograms,AB32E10SS,1 GB,FireOS,"USB, HDMI",Mali450 Quad core,1366x768 Pixels,"1 LED TV, 1 Table Top Stand, 1 Wall Mount, 1 User Manual, 1 Remote Control, 2 AAA Batteries, 1 Power Cord, 1 AV Converting cable",1,LED,32 Inches,LED,JPEG,1366 x 768 pixels,Surround,"Dolby Audio and DTS TruSurround, WMA, MP3_audio",Surround Sound,AC,Yes,60 Hz,Wi-Fi,Wall Mount,Yes,India,3 kg 650 g,AmazonBasics 81 cm (32 inches) HD Ready Smart LED Fire TV AB32E10SS (Black)  ,4.0 out of 5 stars,"13,499",https://amazon.in/gp/slredirect/picassoRedirect.html/ref=pa_sp_atf_next_aps_sr_pg16_1?ie=UTF8&adId=A07230511XJVOGA7KXX4I&url=%2FAmazonBasics-80cm-inch-Smart-LED%2Fdp%2FB087JX4TT4%2Fref%3Dsr_1_241_sspa%3Fkeywords%3Dtv%26qid%3D1660812323%26sr%3D8-241-spons%26psc%3D1&qualifier=1660812323&id=743027007546556&widgetName=sp_atf_next,,,,,,,,,,,,,,,,,,,,,,,,,,,,,,,
36,https://images-eu.ssl-images-amazon.com/images/I/41gz9JZLQpL._SY300_SX300_QL70_ML2_.jpg,Coocaa,Radiant Appliances and Electronics Pvt Ltd,55Y72,2022,122.5 x 23.3 x 77.6 cm; 10.2 Kilograms,55Y72,2 GB,Android,,Mali-450 GPU,3840x2160 Pixels,"1 Led TV, 1 Wallmount,1 Remote,1 Power Cord,1 Start Guide,1 Warranty Card,2 Batteries,1 Base Stands,4 Screws",1,LED,55 Inches,IPS,"GIF, JPEG",,Surround,"Mp3_audio, Wma",DTS Surround | Dolby Audio,AC,Yes,60 Hz,"Wi-Fi, USB, Ethernet, HDMI",Wall Mount & Table Top,Yes,India,10 kg 200 g,Coocaa 138 cm (55 inches) Frameless Series 4k Ultra HD Smart Certified Android IPS Google LED TV 55Y72 (Black)  ,3.6 out of 5 stars,"39,999",https://amazon.in/gp/slredirect/picassoRedirect.html/ref=pa_sp_atf_next_aps_sr_pg16_1?ie=UTF8&adId=A05501107E9CDXMXKF91&url=%2FCoocaa-Frameless-Certified-Android-55Y72%2Fdp%2FB0B45V22TX%2Fref%3Dsr_1_242_sspa%3Fkeywords%3Dtv%26qid%3D1660812323%26sr%3D8-242-spons%26psc%3D1&qualifier=1660812323&id=743027007546556&widgetName=sp_atf_next,55Y72,2 AAA batteries required. (included),16 GB,PAL,8 Milliseconds,"Android, Iphone","Personalised for you | Google Duo Supported | Web Touch Remote | Remote with Voice Assistant | HDR 10 | Chameleon Extreme 2.0 Picture Engine | Supported Applications : Netflix, Prime Video, Disney+Hotstar, Sonly Live, Zee5, Youtube",One Click Google Assistant | Prime Video | Youtube | Netflix | GooglePlay,"IR, Bluetooth",178 Degrees,16:09,High Brightness,4000:1,30 Watts,200 Volts,150 Watts,Yes,Lithium Ion,2,15 Feet,178 Degrees,"AVI, MPEG",No,Yes,,,,,,,
37,https://images-eu.ssl-images-amazon.com/images/I/51baUAj9OGL._SY300_SX300_QL70_ML2_.jpg,IFFALCON,iFFALCON,43F52,2021,96.8 x 18.7 x 62 cm; 6.75 Kilograms,43F52,2 GB,Android,"Bluetooth, USB",Mali470x2,1920x1080 Pixels,"1 LED TV, 1 Table Top Stand, 1 User Manual, 1 Warranty Card, 1 Remote Control, 2 AAA Batteries,1 Auido Cable",1,LED,43 Inches,HDR,"GIF, PNG, JPEG",1920 x 1080 pixels,,"Mp3_audio, Wma",Dolby MS12 |Config D,AC,Yes,60 Hz,"Wi-Fi, USB, Ethernet, HDMI",Wall Mount,Yes,India,6 kg 750 g,iFFALCON 109 cm (43 inches) Full HD Smart LED TVÂ 43F52 (Black)  ,4.0 out of 5 stars,"20,890",https://amazon.in/iFFALCON-inches-Smart-TV-43F52-Black/dp/B09MWB2HPM/ref=sr_1_243?keywords=tv&qid=1660812323&sr=8-243,43F52,2 AAA batteries required. (included),8 GB,DVB-T2,8 Milliseconds,,Google Assistant | Bluetooth | Netflix Hot Key on Remote | Google Assistant Hotkey on Remote | System Update over-the-air | Instant Power ON | Parental,"Remote Comes with One Click Netflix Button, Amazon Prime Video, Zee5, TCL channel | Google Assistant for Easy access",,178 Degrees,16:09,,1200:1,20 Watts,240 Volts,75 Watts,Yes,Alkaline,,,,,Yes,Yes,,,,,,,
38,https://images-eu.ssl-images-amazon.com/images/I/51cdq2Urg2L._SY300_SX300_QL70_ML2_.jpg,TCL,TTE technology india private limited(TCL India),55P725,2021,123.4 x 26.5 x 77.4 cm; 11 Kilograms,55P725,2 GB,Android,"USB, HDMI, Headphone",G31x2 800MHz,3840x2160 Pixels,"1 LED TV, 1 Table Top Stand, 1 User Manual, 1 Warranty Card, 1 Remote Control, 2 AAA Batteries, 1 Wall Mount",1,LED,55 Inches,A+,"GIF, PNG, JPEG",3840 x 2160 pixels,,"Mp3_audio, Wma",Dolby Atmos,AC,Yes,60 Hz,"Wi-Fi, USB, Ethernet, HDMI",Wall Mount,Yes,India,11 kg,TCL 139 cm (55 inches) 4K Ultra HD Smart Certified Android LED TV 55P725 (Black)  ,3.8 out of 5 stars,"44,999",https://amazon.in/TCL-Certified-Android-55P725-2021Model/dp/B09H4RTVV7/ref=sr_1_246?keywords=tv&qid=1660812323&sr=8-246,55P725,2 AAA batteries required. (included),,DVB-T2,8 Milliseconds,,,"Remote Comes with One Click Netflix Button, Amazon Prime Video, Zee5, TCL channel | Google Assistant for Easy access",,,16:09,,5000:1,24 Watts,240 Volts,125 Watts,Yes,Lithium-Nickel Manganese Cobalt (NMC),2,,,,No,Yes,,,,,,,
39,https://m.media-amazon.com/images/I/51avy2e+lDL._SY300_SX300_.jpg,Kodak,Super Plastronics Pvt Ltd,55UHDX7XPRO,2020,124 x 12 x 72.5 cm; 18 Kilograms,55UHDX7XPRO,2 GB,Android,"USB, HDMI",Mali-450MP3,3840x2160 Pixels,"1 TV Unit, 1 Remote Controller, 2 AAA Battery, 1 User Manual, 1 Wall Mount",1,LED,55 Inches,IPS,JPEG,3840 x 2160 pixels,,"Mp3_audio, Wma",Immersive audio,AC,Yes,60 Hz,Wi-Fi,Wall Mount & Table Mount,Yes,India,18 kg,Kodak 139 cm (55 inches) 4K Ultra HD Certified Android LED TV 55UHDX7XPRO (Black)  ,4.1 out of 5 stars,"32,999",https://amazon.in/Kodak-Inches-Certified-Android-55UHDX7XPRO/dp/B08CS2SRVR/ref=sr_1_247?keywords=tv&qid=1660812323&sr=8-247,7XPRO,2 AAA batteries required. (included),,PAL (B/G),,,"Smart TV Features: Android TV | Voice Search | Google Play | Chromecast | HDR Gaming | Supported Apps : Prive Video, Disney+ Hotstar, SonyLiv, Zee5, Voot, YouTube, MXPlayer, ALT Balaji",Smart remote with Dedicated Hotkeys for quick and easy access | Google Voice Assistant,"IR, Bluetooth",178 Degrees,16:9,High brightness,500000:1,24 Watts,,24 Watts,Yes,Lithium,2,8 Feet,,"DVD, WAV, WMA, AVI, MPEG",,Yes,,,,,,,
40,https://images-eu.ssl-images-amazon.com/images/I/41O2yBqkU7L._SX300_SY300_QL70_ML2_.jpg,Hisense,Hisense,75A6H,2022,167.7 x 37 x 104.3 cm; 26.6 Kilograms,75A6H,2 GB,Android,"HDMI, 3.5mm Audio, USB 2.0, Bluetooth 5, 802.11 ac/b/g/n",ARM Mali-G52,3840x2160 Pixels,"1 TV Unit, 1 Remote, 1 Table Top Stand, 1 Wall Mount Bracket, 2 AAA Battery, 1 User Manual, 1 Warranty Card",1,LED,75 Inches,A+ | IPS | 10 bit,"GIF, JPEG",3840 x 2160 pixels,Stereo,"Mp3_audio, Wma",Dolby Atmos,AC,Yes,60 Hz,"Wi-Fi, USB, Ethernet, HDMI",Wall Mount,Yes,India,26 kg 600 g,Hisense 189 cm (75 inches) Bezelless Series 4K Ultra HD Smart LED Google TV 75A6H (Black)  ,4.3 out of 5 stars,"1,04,990",https://amazon.in/Hisense-inches-Bezelless-Google-75A6H/dp/B0B2BXYQ59/ref=sr_1_249?keywords=tv&qid=1660812323&sr=8-249,75A6H,,16 GB,DVB-T2,8 Milliseconds,,"Google TV | Dolby Vision HDR | Google Assistant | Chromecast, Miracast, DLNA | Auto Low Latency Mode for VRR | Supported Apps : Netflix, Youtube, Prime Video, Hotstar, SonyLiv, Hungama, JioCinema, Zee5, Eros Now","One Click Netflix, SonyLiv, Prime Video, YouTube, Disney+ | Google Assistant | With Voice Assitant","IR, Bluetooth",178 Degrees,16:09,Ultra Brightness,1200:1,36 Watts,230 Volts,220 Watts,Yes,Alkaline,2,9 Feet,178 Degrees,"AVI, MPEG",Yes,Yes,,,,,,,
41,https://images-eu.ssl-images-amazon.com/images/I/41dvZHrAhTL._SX300_SY300_QL70_ML2_.jpg,NVY,Reach NVY PVT Ltd,32 SMART TV,2022,,32 SMART TV,1 GB,Android,"Ethernet, HDMI, USB 2.0",,1366768 Pixels,"1 LED TV, 1 Table Top Stand, 1 Wall Mount Bracket, 1 User Manual, 1 Warranty Card, 1 Remote Control",1,LED,32 Inches,LED,,,Surround,"Mp3_audio, Wma",2,AC,No,60 Hz,"Wi-Fi, HDMI",Wall Mount,,India,5 kg,NVY 80 cm (32 inch) HD Ready Smart LED TV | NVA32SFR1 (Black) (2022 Model) with Android 9.0  ,4.4 out of 5 stars,"10,990",https://amazon.in/gp/slredirect/picassoRedirect.html/ref=pa_sp_mtf_aps_sr_pg16_1?ie=UTF8&adId=A06313891JMLU6VY8N7AD&url=%2FNVY-32-TV-NVA32SFR1-Android%2Fdp%2FB09WDZNLN9%2Fref%3Dsr_1_251_sspa%3Fkeywords%3Dtv%26qid%3D1660812323%26sr%3D8-251-spons%26psc%3D1&qualifier=1660812323&id=743027007546556&widgetName=sp_mtf,NVA32SFR1,,8 GB,,8 Milliseconds,,,,IR,178 Degrees,16:9,,,20 Watts,240 Volts,48 Watts,,,2,7 Feet,,,,Yes,,,,80 x 52 x 13 cm; 5 Kilograms,,,
42,https://images-eu.ssl-images-amazon.com/images/I/41611VFTGwL._SY300_SX300_QL70_ML2_.jpg,Redmi,Redmi,L32M6-RA/L32M7-RA,2021,73 x 8.7 x 47.6 cm; 3.92 Kilograms,L32M6-RA/L32M7-RA,1 GB,Android,"AV Port, Ethernet, HDMI, Headphone, USB 2.0",Mali G31 MP2,1366 x 768 Pixels,"1 LED TV, 2 Table Stand Base, 1 User Manual, 1 Remote Control, 4 screws",1,LED,32 Inches,A+,JPEG,1366 x 768 pixels,Stereo,"Dolby, DTS-HD, Mp3_audio",Dolby Audio | DTS Virtual: X | DTS-HD,AC,Yes,60 Hz,"Wi-Fi, USB, Ethernet, HDMI",Wall Mount,Yes,India,3 kg 920 g,Redmi 80 cm (32 inches) Android 11 Series HD Ready Smart LED TV | L32M6-RA/L32M7-RA (Black)  ,4.2 out of 5 stars,"14,999",https://amazon.in/gp/slredirect/picassoRedirect.html/ref=pa_sp_mtf_aps_sr_pg16_1?ie=UTF8&adId=A054367039CG9GF4P6B7C&url=%2FRedmi-inches-Ready-L32M6-RA-Android%2Fdp%2FB09F9YQQ7B%2Fref%3Dsr_1_252_sspa%3Fkeywords%3Dtv%26qid%3D1660812323%26sr%3D8-252-spons%26psc%3D1&qualifier=1660812323&id=743027007546556&widgetName=sp_mtf,Redmi Smart TV 32,2 AAA batteries required.,8 GB,NTSC,,,PatchWall 4 with IMDb Integration | Kids Mode with Parental Lock | 90+ Free Live Channels | Netflix | Prime Video | Disney+ Hotstar and more | Android TV 11 | Google Assistant | Chromecast Built-in | Miracast,Remote with easy Access like Voice assistant | Ok Google | Quick Wake | Quick Mute | Quick Settings | Netflix and Prime Video buttons,Bluetooth,178 Degrees,16:09,Ultra Bright Screen,,20 Watts,240 Volts,50 Watts,No,,2,8 Feet,178 Degrees,"AVI, MPEG",,Yes,,,,,,,
43,https://images-eu.ssl-images-amazon.com/images/I/41ClS3pJouL._SY300_SX300_QL70_ML2_.jpg,PHILIPS,TPV Technology India Private Limited,43PFT6815/94,2021,99.5 x 7.2 x 55.8 cm; 6.4 Kilograms,43PFT6815/94,1.5 GB,SAPHI,"USB, HDMI",Mali G52 @ 700 MHz,1920x1080 Pixels,"1 LED TV, 2 Table Stand Base, 1 Legal and safety Brochure, 1 Quick Start Guide, 1 User Manual, 1 Remote Control, 2 AAA Batteries, 1 Power Cord, 1 AV Cable",1,LED,43 Inches,LED,JPEG,1920 x 1080 pixels,Surround,"Aac, Mp3_audio",Dolby Audio,AC,No,50 Hz,Wi-Fi,Wall Mount,Yes,China,6 kg 400 g,Philips 108 cm (43 inches) Pixel Precise HD Series Full HD LED Smart TV 43PFT6815/94 (Black)  ,3.5 out of 5 stars,"26,989",https://amazon.in/Philips-Inches-43PFT6815-94-Precise/dp/B08HQGZ7XF/ref=sr_1_254?keywords=tv&qid=1660812323&sr=8-254,,,4 GB,DVB-T/T2,20 Milliseconds,,"Pixel Precise HD | HDR10 | Full HD | SAPHI OS | Supported Applications : Netflix, Youtube, Prime Video, Zee5, Eros Now",One Click With Netflix and YouTube Button for easy access,IR,178 Degrees,16:09,230 nits,200000:1,16 Watts,110 Volts,16 Watts,,,1,7 Feet,178 Degrees,"MPEG, AVI",,Yes,,,,,,,
44,https://images-eu.ssl-images-amazon.com/images/I/31mFYyjNQ5L._SY300_SX300_QL70_ML2_.jpg,Westinghouse,SPPL,WH50UD82,2022,66 x 112.5 x 12 cm; 9.3 Kilograms,WH50UD82,2 GB,Android,"Bluetooth, USB, HDMI",Mali-450MP3,3840 x 2160 Pixels,"1 LED TV, 1 Wall Mount, 1 User Manual, 1 Warranty Card, 1 Remote Control, 2 AAA Battery",1,LED,50 Inches,IPS,"GIF, PNG, JPEG",,Surround,"Mp3_audio, Wma",Surround Sound,AC,Yes,60 Hz,"Wi-Fi, USB, Ethernet, HDMI",Wall Mount & Table Mount,Yes,India,9 kg 300 g,Westinghouse 126 cm (50 inches) 4K Ultra HD Certified Android LED TV WH50UD82 (Black)  ,4.1 out of 5 stars,"27,999",https://amazon.in/Westinghouse-inches-Certified-Android-WH50UD82/dp/B09TPM2F68/ref=sr_1_256?keywords=tv&qid=1660812323&sr=8-256,W Series,2 AAA batteries required. (included),8 GB,DVB-T,8 Milliseconds,,"40W Poweful Speaker |Google Voice Assistance | Android 9.0 Pie | Smart Remote | Supported Applications : Amazon prime, Sony Liv, Disney+Hotstar, Zee5, Youtube, MX Player","One Click Amazon Prime, Sony Liv & Youtube Video Button Remote | Google Assistant","IR, Bluetooth",178 Degrees,16:09,High Brightness,5000:1,40 Watts,,40 Watts,Yes,Lithium,2,9 Feet,178 Degrees,"AVI, MPEG",No,Yes,,,,,40 Watts,Usb,
45,https://images-eu.ssl-images-amazon.com/images/I/41p0us82x9L._SX300_SY300_QL70_ML2_.jpg,Imee,iMee,,2022,55.4 x 9.8 x 42.4 cm; 6 Kilograms,,1 GB,Android,"USB, HDMI, Headphone",Mali 470,1366768 Pixels,"User Manual, Warranty Card, Remote",1,LED,32 Inches,LED,,,Surround,HD Sound with Tube Speakers,,Corded Electric,,60 Hz,Wi-Fi,"Wall mount, table top",,India,6 kg,iMee 80cm (32 inch) Premium Series Smart Android HD LED TV with SRS Surround Sound - BEE 5 Star Rated Energy Efficient (White Colour)  ,5.0 out of 5 stars,"9,999",https://amazon.in/Premium-Smart-Android-Surround-Sound/dp/B09SG94KXK/ref=sr_1_258?keywords=tv&qid=1660812323&sr=8-258,White,,8 GB,,2 Milliseconds,,"2 HDMI Outputs,2 USB Ports, SRS Surround Sound, A+ Grade IPS Panel, Eye Care Technology, Digital Noise Reduction.",Universal,IR,178 Degrees,16:9,,5000:1,20 Watts,220 Volts (AC),20 Watts,,,2,9 Feet,178 Degrees,,,Yes,Premium-32S-White,1366 Pixels,60 Hz,,,,
46,https://images-eu.ssl-images-amazon.com/images/I/41Ba6rrYDTL._SY300_SX300_QL70_ML2_.jpg,TLTA - The Levites Team Associate,TLTA - THE LEVITES TEAM ASSOCIATE,TST32B18M,2022,72 x 9 x 42.5 cm; 3.8 Kilograms,TST32B18M,1 GB,Android,,Mali450 Quad core,1366768 Pixels,"1 LED TV, 1 Table Top Stand, 1 Wall Mount, 1 User Manual & Warranty, 1 Remote Control, 2 AAA Batteries, 1 Power Cord",1,LED,32 Inches,LED,,,Surround,"MP3, WMA, ClearAudio+",2.0,Corded Electric,,60 Hz,Wi-Fi,Wall Mount,,India,3 kg 800 g,TLTA 80 cm (32 Inches) HD Ready Smart LED TV (Black) (JUL 2022 Model) | with Frameless Design | AI Cloud TV | (1GB/8GB) | (2USB - 2HDMI)  ,5.0 out of 5 stars,"13,800",https://amazon.in/TLTA-Inches-Ready-Frameless-Design/dp/B0B8D5HY4V/ref=sr_1_260?keywords=tv&qid=1660812323&sr=8-260,,,8 GB,,,,Flat,IR,,,16:9,,,,240 Volts,,,,2,,,,,Yes,,1080 Pixels,,,,,
47,https://images-eu.ssl-images-amazon.com/images/I/41Q5zqyjWPL._SY300_SX300_QL70_ML2_.jpg,Karbonn,"Westway Electronics Limited, A001D, Sector-84, Noida, G.B Nagar, Uttar Pradesh, 201305",KJW32SKHD,2021,72.2 x 8 x 42.5 cm; 4.4 Kilograms,KJW32SKHD,1 GB,Android,"USB, HDMI",Mali-G31MP2,1366x768 Pixels,"1 LED TV, 2 Table Stand Base, 1 Wall Mounting Set, 4 Screws, 1 User Manual, 1 Warranty Card, 1 Remote Control, 2 AAA Battery",1,LED,32 Inches,A+,"GIF, JPEG",,,"Mp3_audio, Wma",Sorround,AC,Yes,60 Hz,"Wi-Fi, USB, Ethernet, HDMI",Wall Mount & Table Mount,No,India,4 kg 400 g,Karbonn 80 cm (32 Inches) Millennium Series HD Ready Smart LED TV KJW32SKHD (Phantom Black) with Bezel-Less Design  ,4.4 out of 5 stars,"8,990",https://amazon.in/gp/slredirect/picassoRedirect.html/ref=pa_sp_btf_aps_sr_pg16_1?ie=UTF8&adId=A03301052HG8ZJO86QMJ4&url=%2FKarbonn-Millennium-KJW32SKHD-Phantom-Bezel-Less%2Fdp%2FB0B466C3G4%2Fref%3Dsr_1_261_sspa%3Fkeywords%3Dtv%26qid%3D1660812323%26sr%3D8-261-spons%26psc%3D1&qualifier=1660812323&id=743027007546556&widgetName=sp_btf,KJW32SKHD,2 AAA batteries required. (included),8 GB,NTSC,8 Milliseconds,Android,"Prime Video, Inbuilt App Store, SonyLiv, Youtube, Hotstar, Android 9 (GOS), In-built Apps Store, Screen Sharing, Remote with Hotkeys, Movie Box | Supported Apps : Netflix",Navigation Keys for Easy Access,IR,178 Degrees,16:09,High brightness,3000:1,20 Watts,110 Volts,60 Watts,Yes,Manganese,2,9 Feet,178 Degrees,"AVI, MPEG",No,Yes,,,60 Hz,,,,
48,https://images-eu.ssl-images-amazon.com/images/I/417CDbPCDWL._SY300_SX300_QL70_ML2_.jpg,AmazonBasics,"Veira Electronics Private Limited D-239, SEC-63, NOIDA (U.P.) 201305",AB32E10SS,2020,73.2 x 8.3 x 43.9 cm; 3.65 Kilograms,AB32E10SS,1 GB,FireOS,"USB, HDMI",Mali450 Quad core,1366x768 Pixels,"1 LED TV, 1 Table Top Stand, 1 Wall Mount, 1 User Manual, 1 Remote Control, 2 AAA Batteries, 1 Power Cord, 1 AV Converting cable",1,LED,32 Inches,LED,JPEG,1366 x 768 pixels,Surround,"Dolby Audio and DTS TruSurround, WMA, MP3_audio",Surround Sound,AC,Yes,60 Hz,Wi-Fi,Wall Mount,Yes,India,3 kg 650 g,AmazonBasics 81 cm (32 inches) HD Ready Smart LED Fire TV AB32E10SS (Black)  ,4.0 out of 5 stars,"13,499",https://amazon.in/gp/slredirect/picassoRedirect.html/ref=pa_sp_atf_next_aps_sr_pg17_1?ie=UTF8&adId=A07230511XJVOGA7KXX4I&url=%2FAmazonBasics-80cm-inch-Smart-LED%2Fdp%2FB087JX4TT4%2Fref%3Dsr_1_257_sspa%3Fkeywords%3Dtv%26qid%3D1660812326%26sr%3D8-257-spons%26psc%3D1&qualifier=1660812326&id=6333641770294184&widgetName=sp_atf_next,,,,,,,,,,,,,,,,,,,,,,,,,,,,,,,
49,https://images-eu.ssl-images-amazon.com/images/I/41gz9JZLQpL._SY300_SX300_QL70_ML2_.jpg,Coocaa,Radiant Appliances and Electronics Pvt Ltd,55Y72,2022,122.5 x 23.3 x 77.6 cm; 10.2 Kilograms,55Y72,2 GB,Android,,Mali-450 GPU,3840x2160 Pixels,"1 Led TV, 1 Wallmount,1 Remote,1 Power Cord,1 Start Guide,1 Warranty Card,2 Batteries,1 Base Stands,4 Screws",1,LED,55 Inches,IPS,"GIF, JPEG",,Surround,"Mp3_audio, Wma",DTS Surround | Dolby Audio,AC,Yes,60 Hz,"Wi-Fi, USB, Ethernet, HDMI",Wall Mount & Table Top,Yes,India,10 kg 200 g,Coocaa 138 cm (55 inches) Frameless Series 4k Ultra HD Smart Certified Android IPS Google LED TV 55Y72 (Black)  ,3.6 out of 5 stars,"39,999",https://amazon.in/gp/slredirect/picassoRedirect.html/ref=pa_sp_atf_next_aps_sr_pg17_1?ie=UTF8&adId=A05501107E9CDXMXKF91&url=%2FCoocaa-Frameless-Certified-Android-55Y72%2Fdp%2FB0B45V22TX%2Fref%3Dsr_1_258_sspa%3Fkeywords%3Dtv%26qid%3D1660812326%26sr%3D8-258-spons%26psc%3D1&qualifier=1660812326&id=6333641770294184&widgetName=sp_atf_next,55Y72,2 AAA batteries required. (included),16 GB,PAL,8 Milliseconds,"Android, Iphone","Personalised for you | Google Duo Supported | Web Touch Remote | Remote with Voice Assistant | HDR 10 | Chameleon Extreme 2.0 Picture Engine | Supported Applications : Netflix, Prime Video, Disney+Hotstar, Sonly Live, Zee5, Youtube",One Click Google Assistant | Prime Video | Youtube | Netflix | GooglePlay,"IR, Bluetooth",178 Degrees,16:09,High Brightness,4000:1,30 Watts,200 Volts,150 Watts,Yes,Lithium Ion,2,15 Feet,178 Degrees,"AVI, MPEG",No,Yes,,,,,,,
50,https://images-eu.ssl-images-amazon.com/images/I/41jNf1-YC5L._SY300_SX300_QL70_ML2_.jpg,Generic,generic,,,30 x 6 x 20 cm; 8 Kilograms,,,,,,1280720,,,LED,32 Inches,LED,,,,,,,No,,Wi-Fi,,,India,8 kg,LG Smart 32 Inch HD Ready LCD/LED TV 32LU640H-TB (Black)  ,5.0 out of 5 stars,"29,999",https://amazon.in/Smart-32inch-LCD-LED-32LU640H-TB/dp/B08Y59JPKN/ref=sr_1_261?keywords=tv&qid=1660812326&sr=8-261,,,,,,,,,,,,,,,,,,,,,,,,,886098066490,,,,,,
51,https://images-eu.ssl-images-amazon.com/images/I/51xotF3ZrPL._SY300_SX300_QL70_ML2_.jpg,LG,LG,OLED65C1PTZ,2021,4.7 x 144.9 x 83 cm; 24 Kilograms,OLED65C1PTZ,5.5 GB,WebOS,"USB, HDMI",LG Graphics processor,3840 x 2160 Pixels,"1 OLED 4K TV, 1 User Manual, 1 Warranty Card, 1 Remote Control, 2 Batteries",1,OLED,164 Centimetres,4K OLED,,3840 x 2160 pixels,Surround,"AC4, AC3(Dolby Digital), EAC3, HE-AAC, AAC, MP2, MP3, PCM, DTS, DTS-HD, DTS Express, WMA, apt-X",2.2,Corded Electric,No,120 Hz,"Bluetooth, Wi-Fi, USB, HDMI",Table Mount,Yes,India,24 kg,LG 164 cm (65 inches) 4K Ultra HD Smart OLED TV 65C1PTZ (Dark Steel Silver) (OLED65C1PTZ)  ,5.0 out of 5 stars,"2,09,990",https://amazon.in/LG-165-1-Inches-Ultra-OLED65C1PTZ/dp/B09FLYL21L/ref=sr_1_264?keywords=tv&qid=1660812326&sr=8-264,OLED65C1PTZ,2 AAA batteries required. (included),,DVB-T2,1 Milliseconds,"IPhone, Android",,Universal,,178 Degrees,16:9,,135000:1,40 Watts,,130 Watts,Yes,Alkaline,3,,,,No,Yes,,,,,,,
52,https://images-eu.ssl-images-amazon.com/images/I/51prU5hcQbL._SY300_SX300_QL70_ML2_.jpg,Sony,Sony,KD-65X74K,2022,146.3 x 8.7 x 85.2 cm; 22.1 Kilograms,KD-65X74K,,Android,"Ethernet, Composite Video, Bluetooth 5",X1 4K Processor,3840 x 2160 Pixels,"1 LED TV, 1 Warranty Card,1 AC Adapter, 1 AC Power Cord, 1 Remote Control, 1 Table-Top Stand, 1 User Manual, 2 AAA Batteries",1,LED,65 Inches,4K HDR,"TIFF, JPEG",3840 x 2160 pixels,Two channel linear,"Mp3_audio, Wma",Dolby Audio,AC,Yes,60 Hz,"Wi-Fi, USB, Ethernet, HDMI",Wall Mount & Table Mount,Yes,India,22 kg 100 g,Sony Bravia 164 cm (65 inches) 4K Ultra HD Smart LED Google TV KD-65X74K (Black)  ,4.8 out of 5 stars,"86,990",https://amazon.in/gp/slredirect/picassoRedirect.html/ref=pa_sp_mtf_aps_sr_pg17_1?ie=UTF8&adId=A03768442EQ5K80ORFOW4&url=%2FSony-Bravia-inches-Google-KD-65X74K%2Fdp%2FB09WN3SRC7%2Fref%3Dsr_1_267_sspa%3Fkeywords%3Dtv%26qid%3D1660812326%26sr%3D8-267-spons%26psc%3D1&qualifier=1660812326&id=6333641770294184&widgetName=sp_mtf,KD-65X74K,2 AAA batteries required. (included),,DVB-T,,"Android Phone, Home theatre, IPhone",Google TV | Watchlist | Voice Search | Google Play | Chromecast | Netflix | Amazon Prime Video | Additional Features: Apple Airplay | Apple Homekit | Alexa,One Click Google Assistant | Youtube | Netflix | Youtube Music | Prime Video,"IR, Bluetooth",178 Degrees,16:09,High Brightness,,20 Watts,240 Volts,180 Watts,Yes,Alkaline,2,5 Feet,178 Degrees,"AVI, MPEG",No,Yes,,,60 Hz,,,,
53,https://images-eu.ssl-images-amazon.com/images/I/41dvZHrAhTL._SX300_SY300_QL70_ML2_.jpg,NVY,Reach NVY PVT Ltd,32 SMART TV,2022,,32 SMART TV,1 GB,Android,"Ethernet, HDMI, USB 2.0",,1366768 Pixels,"1 LED TV, 1 Table Top Stand, 1 Wall Mount Bracket, 1 User Manual, 1 Warranty Card, 1 Remote Control",1,LED,32 Inches,LED,,,Surround,"Mp3_audio, Wma",2,AC,No,60 Hz,"Wi-Fi, HDMI",Wall Mount,,India,5 kg,NVY 80 cm (32 inch) HD Ready Smart LED TV | NVA32SFR1 (Black) (2022 Model) with Android 9.0  ,4.4 out of 5 stars,"10,990",https://amazon.in/gp/slredirect/picassoRedirect.html/ref=pa_sp_mtf_aps_sr_pg17_1?ie=UTF8&adId=A06313891JMLU6VY8N7AD&url=%2FNVY-32-TV-NVA32SFR1-Android%2Fdp%2FB09WDZNLN9%2Fref%3Dsr_1_268_sspa%3Fkeywords%3Dtv%26qid%3D1660812326%26sr%3D8-268-spons%26psc%3D1&qualifier=1660812326&id=6333641770294184&widgetName=sp_mtf,NVA32SFR1,,8 GB,,8 Milliseconds,,,,IR,178 Degrees,16:9,,,20 Watts,240 Volts,48 Watts,,,2,7 Feet,,,,Yes,,,,80 x 52 x 13 cm; 5 Kilograms,,,
54,https://images-eu.ssl-images-amazon.com/images/I/51ZnZVloJXL._SY300_SX300_QL70_ML2_.jpg,PHILIPS,TPV Technology India Private Limited,43PFT6915/94,2021,99.5 x 61.8 x 23.2 cm; 6.5 Kilograms,43PFT6915/94,1 GB,Android,"USB, Ethernet, HDMI, Headphone",Mali 470 MP3,1920x1080 Pixels,"1 LED TV, 2 Table Stand Base, 1 Legal and safety Brochure, 1 Quick Start Guide, 1 User Manual, 1 Remote Control, 2 AAA Batteries",1,LED,43 Inches,LED,"GIF, JPEG",1920 x 1080 pixels,,"Mp3_audio, Wma",Dolby Digital Plus,AC,No,60 Hz,"Wi-Fi, USB, Ethernet, HDMI",Wall Mount,Yes,India,6 kg 500 g,Philips 108 Cm (43 inches) Full HD LED Android Smart LED TV 43PFT6915/94 (Black)  ,4.3 out of 5 stars,"27,989",https://amazon.in/Philips-Inches-Android-43PFT6915-94/dp/B09CQ5MG13/ref=sr_1_270?keywords=tv&qid=1660812326&sr=8-270,(43 PFT 6915),,8 GB,DVB-T2,20 Milliseconds,,"Google Assistant | Pixel Plus HD | Dolby Digital Plus | HDR 10 | Supported Applications : Netflix, Amazon Prime Video, YouTube, Google Play Store, Google Play Music, Google Play Movies, Disney+Hotstar","One Click Netflix, YouTube and Prime Video button",,178 Degrees,16:09,,200000:1,16 Watts,230 Volts,16 Watts,,,2,,,,No,Yes,,,,,,,
55,https://images-eu.ssl-images-amazon.com/images/I/41pyvx9P93L._SY300_SX300_QL70_ML2_.jpg,Imee,iMee,Elite-32SFL-steel gray,2022,,Elite-32SFL-steel gray,,Android,"USB, HDMI",,1366768 Pixels,"User Manual, Warranty Card, Remote",1,LED,32 Inches,LED,,,Surround,,,,,60 Hz,Wi-Fi,,,India,,iMee 80cm (32 inch) Elite Series Smart Frameless HD LED TV (Black Colour)  ,1.0 out of 5 stars,"10,499",https://amazon.in/Elite-Smart-Frameless-Black-Colour/dp/B09SG84NB5/ref=sr_1_271?keywords=tv&qid=1660812326&sr=8-271,Steel Grey,,,,,,,,,,16:9,,,,,50 Watts,,,,,,,,,,,,,,,
56,https://images-eu.ssl-images-amazon.com/images/I/51pKoc94AtL._SY300_SX300_QL70_ML2_.jpg,IFFALCON,Iffalcon,65H72,2021,144.6 x 30.2 x 88.8 cm; 19.4 Kilograms,65H72,2 GB,Android,"VGA, USB, HDMI, Headphone",G31x2 800MHz,3840x2160 Pixels,"1 LED TV, 1 Table Top Stand, 1 User Manual, 1 Warranty Card, 1 Remote Control, 2 AAA Batteries",1,QLED,65 Inches,HDR 10,"GIF, JPEG",3840 x 2160 pixels,Stereo,"Mp3_audio, Wma",Dolby Atmos,AC,Yes,60 Hz,"Wi-Fi, USB, Ethernet, HDMI",Wall Mount,Yes,India,19 kg 400 g,iFFALCON 164 cm (65 inches) 4K Ultra HD Certified Android Smart QLED TV 65H72 (Black)  ,4.2 out of 5 stars,"71,999",https://amazon.in/iFFALCON-inches-Certified-Android-65H72/dp/B098TL86G3/ref=sr_1_272?keywords=tv&qid=1660812326&sr=8-272,,2 AAA batteries required. (included),16 GB,NTSC,8 Milliseconds,,"Hands-Free Voice Control | 4K Android TV + HDR | AI-IN | T-cast | Bluetooth | Android 9.0 | Apps: Netflix, Youtube, Prime Video & 5000+ Apps | Maximum Content: 10,60,000 Hours | Pure Entertainment","Remote Comes with One Click Netflix Button, Amazon Prime Video, Zee5, TCL channel | Google Assistant for Easy access",,178 Degrees,16:09,,5000:1,24 Watts,240 Volts,210 Watts,Yes,Alkaline,,,,,Yes,Yes,,,,,,,
57,https://m.media-amazon.com/images/I/41vfYb+0wQL._SY300_SX300_.jpg,EYE PLUS,Coimbatore,,,,,1 GB,Android,,,1080p,,,LED,32 Inches,LED,,,,,,,,,,,Yes,India,,"32"" Smart Android Full HD LED TV  ",5.0 out of 5 stars,"15,000",https://amazon.in/32-Smart-Android-Full-LED/dp/B0B8X5BGHY/ref=sr_1_276?keywords=tv&qid=1660812326&sr=8-276,,,,,,,,,,,,,,,,,,,,,,,,Yes,SB-122,,,,,,
58,https://images-eu.ssl-images-amazon.com/images/I/41611VFTGwL._SY300_SX300_QL70_ML2_.jpg,Redmi,Redmi,L32M6-RA/L32M7-RA,2021,73 x 8.7 x 47.6 cm; 3.92 Kilograms,L32M6-RA/L32M7-RA,1 GB,Android,"AV Port, Ethernet, HDMI, Headphone, USB 2.0",Mali G31 MP2,1366 x 768 Pixels,"1 LED TV, 2 Table Stand Base, 1 User Manual, 1 Remote Control, 4 screws",1,LED,32 Inches,A+,JPEG,1366 x 768 pixels,Stereo,"Dolby, DTS-HD, Mp3_audio",Dolby Audio | DTS Virtual: X | DTS-HD,AC,Yes,60 Hz,"Wi-Fi, USB, Ethernet, HDMI",Wall Mount,Yes,India,3 kg 920 g,Redmi 80 cm (32 inches) Android 11 Series HD Ready Smart LED TV | L32M6-RA/L32M7-RA (Black)  ,4.2 out of 5 stars,"14,999",https://amazon.in/gp/slredirect/picassoRedirect.html/ref=pa_sp_btf_aps_sr_pg17_1?ie=UTF8&adId=A054367039CG9GF4P6B7C&url=%2FRedmi-inches-Ready-L32M6-RA-Android%2Fdp%2FB09F9YQQ7B%2Fref%3Dsr_1_277_sspa%3Fkeywords%3Dtv%26qid%3D1660812326%26sr%3D8-277-spons%26psc%3D1&qualifier=1660812326&id=6333641770294184&widgetName=sp_btf,Redmi Smart TV 32,2 AAA batteries required.,8 GB,NTSC,,,PatchWall 4 with IMDb Integration | Kids Mode with Parental Lock | 90+ Free Live Channels | Netflix | Prime Video | Disney+ Hotstar and more | Android TV 11 | Google Assistant | Chromecast Built-in | Miracast,Remote with easy Access like Voice assistant | Ok Google | Quick Wake | Quick Mute | Quick Settings | Netflix and Prime Video buttons,Bluetooth,178 Degrees,16:09,Ultra Bright Screen,,20 Watts,240 Volts,50 Watts,No,,2,8 Feet,178 Degrees,"AVI, MPEG",,Yes,,,,,,,
59,https://images-eu.ssl-images-amazon.com/images/I/41Q5zqyjWPL._SY300_SX300_QL70_ML2_.jpg,Karbonn,"Westway Electronics Limited, A001D, Sector-84, Noida, G.B Nagar, Uttar Pradesh, 201305",KJW32SKHD,2021,72.2 x 8 x 42.5 cm; 4.4 Kilograms,KJW32SKHD,1 GB,Android,"USB, HDMI",Mali-G31MP2,1366x768 Pixels,"1 LED TV, 2 Table Stand Base, 1 Wall Mounting Set, 4 Screws, 1 User Manual, 1 Warranty Card, 1 Remote Control, 2 AAA Battery",1,LED,32 Inches,A+,"GIF, JPEG",,,"Mp3_audio, Wma",Sorround,AC,Yes,60 Hz,"Wi-Fi, USB, Ethernet, HDMI",Wall Mount & Table Mount,No,India,4 kg 400 g,Karbonn 80 cm (32 Inches) Millennium Series HD Ready Smart LED TV KJW32SKHD (Phantom Black) with Bezel-Less Design  ,4.4 out of 5 stars,"8,990",https://amazon.in/gp/slredirect/picassoRedirect.html/ref=pa_sp_btf_aps_sr_pg17_1?ie=UTF8&adId=A03301052HG8ZJO86QMJ4&url=%2FKarbonn-Millennium-KJW32SKHD-Phantom-Bezel-Less%2Fdp%2FB0B466C3G4%2Fref%3Dsr_1_278_sspa%3Fkeywords%3Dtv%26qid%3D1660812326%26sr%3D8-278-spons%26psc%3D1&qualifier=1660812326&id=6333641770294184&widgetName=sp_btf,KJW32SKHD,2 AAA batteries required. (included),8 GB,NTSC,8 Milliseconds,Android,"Prime Video, Inbuilt App Store, SonyLiv, Youtube, Hotstar, Android 9 (GOS), In-built Apps Store, Screen Sharing, Remote with Hotkeys, Movie Box | Supported Apps : Netflix",Navigation Keys for Easy Access,IR,178 Degrees,16:09,High brightness,3000:1,20 Watts,110 Volts,60 Watts,Yes,Manganese,2,9 Feet,178 Degrees,"AVI, MPEG",No,Yes,,,60 Hz,,,,
60,https://images-eu.ssl-images-amazon.com/images/I/417CDbPCDWL._SY300_SX300_QL70_ML2_.jpg,AmazonBasics,"Veira Electronics Private Limited D-239, SEC-63, NOIDA (U.P.) 201305",AB32E10SS,2020,73.2 x 8.3 x 43.9 cm; 3.65 Kilograms,AB32E10SS,1 GB,FireOS,"USB, HDMI",Mali450 Quad core,1366x768 Pixels,"1 LED TV, 1 Table Top Stand, 1 Wall Mount, 1 User Manual, 1 Remote Control, 2 AAA Batteries, 1 Power Cord, 1 AV Converting cable",1,LED,32 Inches,LED,JPEG,1366 x 768 pixels,Surround,"Dolby Audio and DTS TruSurround, WMA, MP3_audio",Surround Sound,AC,Yes,60 Hz,Wi-Fi,Wall Mount,Yes,India,3 kg 650 g,AmazonBasics 81 cm (32 inches) HD Ready Smart LED Fire TV AB32E10SS (Black)  ,4.0 out of 5 stars,"13,499",https://amazon.in/gp/slredirect/picassoRedirect.html/ref=pa_sp_atf_next_aps_sr_pg18_1?ie=UTF8&adId=A07230511XJVOGA7KXX4I&url=%2FAmazonBasics-80cm-inch-Smart-LED%2Fdp%2FB087JX4TT4%2Fref%3Dsr_1_273_sspa%3Fkeywords%3Dtv%26qid%3D1660812328%26sr%3D8-273-spons%26psc%3D1&qualifier=1660812328&id=49785280768073&widgetName=sp_atf_next,,,,,,,,,,,,,,,,,,,,,,,,,,,,,,,
61,https://images-eu.ssl-images-amazon.com/images/I/41gz9JZLQpL._SY300_SX300_QL70_ML2_.jpg,Coocaa,Radiant Appliances and Electronics Pvt Ltd,55Y72,2022,122.5 x 23.3 x 77.6 cm; 10.2 Kilograms,55Y72,2 GB,Android,,Mali-450 GPU,3840x2160 Pixels,"1 Led TV, 1 Wallmount,1 Remote,1 Power Cord,1 Start Guide,1 Warranty Card,2 Batteries,1 Base Stands,4 Screws",1,LED,55 Inches,IPS,"GIF, JPEG",,Surround,"Mp3_audio, Wma",DTS Surround | Dolby Audio,AC,Yes,60 Hz,"Wi-Fi, USB, Ethernet, HDMI",Wall Mount & Table Top,Yes,India,10 kg 200 g,Coocaa 138 cm (55 inches) Frameless Series 4k Ultra HD Smart Certified Android IPS Google LED TV 55Y72 (Black)  ,3.6 out of 5 stars,"39,999",https://amazon.in/gp/slredirect/picassoRedirect.html/ref=pa_sp_atf_next_aps_sr_pg18_1?ie=UTF8&adId=A05501107E9CDXMXKF91&url=%2FCoocaa-Frameless-Certified-Android-55Y72%2Fdp%2FB0B45V22TX%2Fref%3Dsr_1_274_sspa%3Fkeywords%3Dtv%26qid%3D1660812328%26sr%3D8-274-spons%26psc%3D1&qualifier=1660812328&id=49785280768073&widgetName=sp_atf_next,55Y72,2 AAA batteries required. (included),16 GB,PAL,8 Milliseconds,"Android, Iphone","Personalised for you | Google Duo Supported | Web Touch Remote | Remote with Voice Assistant | HDR 10 | Chameleon Extreme 2.0 Picture Engine | Supported Applications : Netflix, Prime Video, Disney+Hotstar, Sonly Live, Zee5, Youtube",One Click Google Assistant | Prime Video | Youtube | Netflix | GooglePlay,"IR, Bluetooth",178 Degrees,16:09,High Brightness,4000:1,30 Watts,200 Volts,150 Watts,Yes,Lithium Ion,2,15 Feet,178 Degrees,"AVI, MPEG",No,Yes,,,,,,,
62,https://images-eu.ssl-images-amazon.com/images/I/51kz0kikjQL._SY300_SX300_QL70_ML2_.jpg,Samsung,Samsung India Pvt Ltd,QA55QN90BAKLXL,2022,23.6 x 122.7 x 76.8 cm; 21.9 Kilograms,QA55QN90BAKLXL,2.5 GB,Tizen,"USB, HDMI",Neo Quantum Processor 4K,3840x2160 Pixels,"1 LED TV, 1 Power Cord, 1 Remote control, 2 Stand-Top (Table Top will be Provided at the time on installation)",1,QLED,55 Inches,HDR 10+,"GIF, JPEG",3840 x 2160 pixels,Surround,"Mp3_audio, Wma",Dolby Digital Plus,AC,No,100 Hz,"Wi-Fi, USB, Ethernet, HDMI",Wall Mount,Yes,India,21 kg 900 g,Samsung 138 cm (55 inches) 4K Ultra HD Smart NEO QLED TV QA55QN90BAKLXL (Titan Black)  ,4.1 out of 5 stars,"1,74,990",https://amazon.in/Samsung-inches-Ultra-Smart-QA55QN90BAKLXL/dp/B09Y65KCMN/ref=sr_1_275?keywords=tv&qid=1660812328&sr=8-275,QA55QN90BAKLXL,,8 GB,DVB-T,,,"Neo Quantum Processor 4K , One Billion Color , PQI , Quantum HDR 24x , Certified(HDR10+ Adaptive & HDR10+ GAMING) , Expert Calibration , AI Upscale ,100% Colour Volume with Quantum Dot , Motion Xcelerator Turbo Pro, AI Upscale , Auto Game Mode (ALLM) , Game Motion Plus , Auto Game Mode (ALLM)","Voice Assistant Key | Hotkey for Prime Video, Netflix and Zee5",Bluetooth,178 Degrees,16:09,High Brightness,,60 Watts,225 Volts,60 Watts,No,,2,18 Feet,178 Degrees,"AVI, MPEG",,Yes,,,,,,,
63,https://images-eu.ssl-images-amazon.com/images/I/51cdq2Urg2L._SY300_SX300_QL70_ML2_.jpg,TCL,TTE technology india private limited(TCL India),43P725,2021,96.5 x 22.9 x 62.1 cm; 6.75 Kilograms,43P725,2 GB,Android,"USB, HDMI",G31x2 800MHz,3840x2160 Pixels,"1 LED TV, 1 Table Top Stand, 1 User Manual, 1 Warranty Card, 1 Remote Control, 2 AAA Batteries, 1 Wall Mount",1,LED,43 Inches,A+,"GIF, PNG, JPEG",3840 x 2160 pixels,,"Mp3_audio, Wma",Dolby Atmos,AC,Yes,60 Hz,"Wi-Fi, USB, Ethernet, HDMI",Wall Mount,Yes,India,6 kg 750 g,TCL 108 cm (43 inches) 4K Ultra HD Smart Certified Android LED TV 43P725 (Black)  ,3.8 out of 5 stars,"34,990",https://amazon.in/TCL-Certified-Android-43P725-2021Model/dp/B09HMWKGV2/ref=sr_1_276?keywords=tv&qid=1660812328&sr=8-276,43P725,2 AAA batteries required. (included),,DVB-T2,8 Milliseconds,,,"Remote Comes with One Click Netflix Button, Amazon Prime Video, Zee5, TCL channel | Google Assistant for Easy access",,,16:09,,5000:1,24 Watts,240 Volts,85 Watts,Yes,Lithium-Nickel Manganese Cobalt (NMC),1,,,,No,Yes,,,,,,,
64,https://images-eu.ssl-images-amazon.com/images/I/51xVGZvYF6L._SY300_SX300_QL70_ML2_.jpg,Samsung,Samsung India Pvt Ltd,QA65QN90BAKLXL,2022,28.6 x 144.6 x 89.1 cm; 31.4 Kilograms,QA65QN90BAKLXL,2.5 GB,Tizen,"USB, HDMI",Neo Quantum Processor 4K,3840x2160 Pixels,"1 LED TV, 1 Power Cord, 1 Remote control, 2 Stand-Top (Table Top will be Provided at the time on installation)",1,QLED,65 Inches,HDR 10+,"GIF, JPEG",3840 x 2160 pixels,Surround,"Mp3_audio, Wma",Dolby Digital Plus,AC,No,100 Hz,"Wi-Fi, USB, Ethernet, HDMI",Wall Mount,Yes,,31 kg 400 g,Samsung 163 cm (65 inches) 4K Ultra HD Smart Neo QLED TV QA65QN90BAKLXL (Titan Black)  ,4.1 out of 5 stars,"2,44,989",https://amazon.in/Samsung-inches-Ultra-Smart-QA65QN90BAKLXL/dp/B09Y654TBK/ref=sr_1_277?keywords=tv&qid=1660812328&sr=8-277,QA65QN90BAKLXL,,8 GB,DVB-T,,,"Neo Quantum Processor 4K , One Billion Color , PQI , Quantum HDR 24x , Certified(HDR10+ Adaptive & HDR10+ GAMING) , Expert Calibration , AI Upscale ,100% Colour Volume with Quantum Dot , Motion Xcelerator Turbo Pro, AI Upscale , Auto Game Mode (ALLM) , Game Motion Plus , Auto Game Mode (ALLM)","Voice Assistant Key | Hotkey for Prime Video, Netflix and Zee5",Bluetooth,178 Degrees,16:09,High Brightness,,60 Watts,285 Volts,60 Watts,No,,2,22 Feet,178 Degrees,"MPEG, AVI",,Yes,,,,,,,
65,https://images-eu.ssl-images-amazon.com/images/I/41dvZHrAhTL._SX300_SY300_QL70_ML2_.jpg,NVY,Reach NVY PVT Ltd,32 SMART TV,2022,,32 SMART TV,1 GB,Android,"Ethernet, HDMI, USB 2.0",,1366768 Pixels,"1 LED TV, 1 Table Top Stand, 1 Wall Mount Bracket, 1 User Manual, 1 Warranty Card, 1 Remote Control",1,LED,32 Inches,LED,,,Surround,"Mp3_audio, Wma",2,AC,No,60 Hz,"Wi-Fi, HDMI",Wall Mount,,India,5 kg,NVY 80 cm (32 inch) HD Ready Smart LED TV | NVA32SFR1 (Black) (2022 Model) with Android 9.0  ,4.4 out of 5 stars,"10,990",https://amazon.in/gp/slredirect/picassoRedirect.html/ref=pa_sp_mtf_aps_sr_pg18_1?ie=UTF8&adId=A06313891JMLU6VY8N7AD&url=%2FNVY-32-TV-NVA32SFR1-Android%2Fdp%2FB09WDZNLN9%2Fref%3Dsr_1_283_sspa%3Fkeywords%3Dtv%26qid%3D1660812328%26sr%3D8-283-spons%26psc%3D1&qualifier=1660812328&id=49785280768073&widgetName=sp_mtf,NVA32SFR1,,8 GB,,8 Milliseconds,,,,IR,178 Degrees,16:9,,,20 Watts,240 Volts,48 Watts,,,2,7 Feet,,,,Yes,,,,80 x 52 x 13 cm; 5 Kilograms,,,
66,https://images-eu.ssl-images-amazon.com/images/I/41611VFTGwL._SY300_SX300_QL70_ML2_.jpg,Redmi,Redmi,L32M6-RA/L32M7-RA,2021,73 x 8.7 x 47.6 cm; 3.92 Kilograms,L32M6-RA/L32M7-RA,1 GB,Android,"AV Port, Ethernet, HDMI, Headphone, USB 2.0",Mali G31 MP2,1366 x 768 Pixels,"1 LED TV, 2 Table Stand Base, 1 User Manual, 1 Remote Control, 4 screws",1,LED,32 Inches,A+,JPEG,1366 x 768 pixels,Stereo,"Dolby, DTS-HD, Mp3_audio",Dolby Audio | DTS Virtual: X | DTS-HD,AC,Yes,60 Hz,"Wi-Fi, USB, Ethernet, HDMI",Wall Mount,Yes,India,3 kg 920 g,Redmi 80 cm (32 inches) Android 11 Series HD Ready Smart LED TV | L32M6-RA/L32M7-RA (Black)  ,4.2 out of 5 stars,"14,999",https://amazon.in/gp/slredirect/picassoRedirect.html/ref=pa_sp_mtf_aps_sr_pg18_1?ie=UTF8&adId=A054367039CG9GF4P6B7C&url=%2FRedmi-inches-Ready-L32M6-RA-Android%2Fdp%2FB09F9YQQ7B%2Fref%3Dsr_1_284_sspa%3Fkeywords%3Dtv%26qid%3D1660812328%26sr%3D8-284-spons%26psc%3D1&qualifier=1660812328&id=49785280768073&widgetName=sp_mtf,Redmi Smart TV 32,2 AAA batteries required.,8 GB,NTSC,,,PatchWall 4 with IMDb Integration | Kids Mode with Parental Lock | 90+ Free Live Channels | Netflix | Prime Video | Disney+ Hotstar and more | Android TV 11 | Google Assistant | Chromecast Built-in | Miracast,Remote with easy Access like Voice assistant | Ok Google | Quick Wake | Quick Mute | Quick Settings | Netflix and Prime Video buttons,Bluetooth,178 Degrees,16:09,Ultra Bright Screen,,20 Watts,240 Volts,50 Watts,No,,2,8 Feet,178 Degrees,"AVI, MPEG",,Yes,,,,,,,
67,https://images-eu.ssl-images-amazon.com/images/I/41ClS3pJouL._SY300_SX300_QL70_ML2_.jpg,PHILIPS,TPV Technology India Private Limited,43PFT6815/94,2021,99.5 x 7.2 x 55.8 cm; 6.4 Kilograms,43PFT6815/94,1.5 GB,SAPHI,"USB, HDMI",Mali G52 @ 700 MHz,1920x1080 Pixels,"1 LED TV, 2 Table Stand Base, 1 Legal and safety Brochure, 1 Quick Start Guide, 1 User Manual, 1 Remote Control, 2 AAA Batteries, 1 Power Cord, 1 AV Cable",1,LED,43 Inches,LED,JPEG,1920 x 1080 pixels,Surround,"Aac, Mp3_audio",Dolby Audio,AC,No,50 Hz,Wi-Fi,Wall Mount,Yes,China,6 kg 400 g,Philips 108 cm (43 inches) Pixel Precise HD Series Full HD LED Smart TV 43PFT6815/94 (Black)  ,3.5 out of 5 stars,"26,989",https://amazon.in/Philips-Inches-43PFT6815-94-Precise/dp/B08HQGZ7XF/ref=sr_1_288?keywords=tv&qid=1660812328&sr=8-288,,,4 GB,DVB-T/T2,20 Milliseconds,,"Pixel Precise HD | HDR10 | Full HD | SAPHI OS | Supported Applications : Netflix, Youtube, Prime Video, Zee5, Eros Now",One Click With Netflix and YouTube Button for easy access,IR,178 Degrees,16:09,230 nits,200000:1,16 Watts,110 Volts,16 Watts,,,1,7 Feet,178 Degrees,"MPEG, AVI",,Yes,,,,,,,
68,https://images-eu.ssl-images-amazon.com/images/I/41wDOu3hQmL._SY300_SX300_QL70_ML2_.jpg,Power Guard,Power Guard Industries Private Limited,PG65F4K,2022,144.8 x 9 x 88.8 cm; 19.3 Kilograms,PG65F4K,2 GB,Android,"AV Port, USB, Ethernet, HDMI, Headphone",G51 MP3,3840x2160 Pixels,"1 LED TV, 2 Table Stand Base, 1 Wall Mount, 1 User Manual, 1 Warranty Card, 2 Remote Control,2 AAA Battery",1,LED,65 Inches,"IPS , A+","GIF, JPEG",,Surround,"Wma, MP3, AAC, MP2, PCM","Turbo Sound , Clear Audio+",AC,Yes,60 Hz,"Wi-Fi, USB, Ethernet, HDMI",Wall Mount,Yes,India,19 kg 300 g,Power Guard 165 cm (65 inches) Frameless 4k Ultra HD Smart LED TV PG65F4k (Black)  ,5.0 out of 5 stars,"55,999",https://amazon.in/Power-Guard-inches-Frameless-PG65F4k/dp/B0B362FQFK/ref=sr_1_289?keywords=tv&qid=1660812328&sr=8-289,PG65F4K,,16 GB,PAL,6 Milliseconds,"Android Phones, Apple IOS , Apple Airplay","Air Mouse|Remote With Voice Assistant|Super Luma| Rich Contrast |X Motion Clarity | Turbo Sound |Clear Audio+ | Supported Application : Netflix, Youtube, Prime Video, Hotstar, Sonyliv, Hungama, Jiocinema, Zee5, Eros Now , Jio Games , Jio Cinema","One Click Play Store,Screenshot,Youtube,Hotstar,Netflix | Air Mouse | With Voice Assitant","IR , Bluetooth",178 Degrees,16:09,High Brightness,5000:1,24 Watts,240 Volts,215 Watts,No,,2,9 Feet,178 Degrees,"DVD, MPEG",,Yes,,3840 Pixels,,,,,
69,https://images-eu.ssl-images-amazon.com/images/I/41Q5zqyjWPL._SY300_SX300_QL70_ML2_.jpg,Karbonn,"Westway Electronics Limited, A001D, Sector-84, Noida, G.B Nagar, Uttar Pradesh, 201305",KJW32SKHD,2021,72.2 x 8 x 42.5 cm; 4.4 Kilograms,KJW32SKHD,1 GB,Android,"USB, HDMI",Mali-G31MP2,1366x768 Pixels,"1 LED TV, 2 Table Stand Base, 1 Wall Mounting Set, 4 Screws, 1 User Manual, 1 Warranty Card, 1 Remote Control, 2 AAA Battery",1,LED,32 Inches,A+,"GIF, JPEG",,,"Mp3_audio, Wma",Sorround,AC,Yes,60 Hz,"Wi-Fi, USB, Ethernet, HDMI",Wall Mount & Table Mount,No,India,4 kg 400 g,Karbonn 80 cm (32 Inches) Millennium Series HD Ready Smart LED TV KJW32SKHD (Phantom Black) with Bezel-Less Design  ,4.4 out of 5 stars,"8,990",https://amazon.in/gp/slredirect/picassoRedirect.html/ref=pa_sp_btf_aps_sr_pg18_1?ie=UTF8&adId=A03301052HG8ZJO86QMJ4&url=%2FKarbonn-Millennium-KJW32SKHD-Phantom-Bezel-Less%2Fdp%2FB0B466C3G4%2Fref%3Dsr_1_293_sspa%3Fkeywords%3Dtv%26qid%3D1660812328%26sr%3D8-293-spons%26psc%3D1&qualifier=1660812328&id=49785280768073&widgetName=sp_btf,KJW32SKHD,2 AAA batteries required. (included),8 GB,NTSC,8 Milliseconds,Android,"Prime Video, Inbuilt App Store, SonyLiv, Youtube, Hotstar, Android 9 (GOS), In-built Apps Store, Screen Sharing, Remote with Hotkeys, Movie Box | Supported Apps : Netflix",Navigation Keys for Easy Access,IR,178 Degrees,16:09,High brightness,3000:1,20 Watts,110 Volts,60 Watts,Yes,Manganese,2,9 Feet,178 Degrees,"AVI, MPEG",No,Yes,,,60 Hz,,,,
70,https://images-eu.ssl-images-amazon.com/images/I/417CDbPCDWL._SY300_SX300_QL70_ML2_.jpg,AmazonBasics,"Veira Electronics Private Limited D-239, SEC-63, NOIDA (U.P.) 201305",AB32E10SS,2020,73.2 x 8.3 x 43.9 cm; 3.65 Kilograms,AB32E10SS,1 GB,FireOS,"USB, HDMI",Mali450 Quad core,1366x768 Pixels,"1 LED TV, 1 Table Top Stand, 1 Wall Mount, 1 User Manual, 1 Remote Control, 2 AAA Batteries, 1 Power Cord, 1 AV Converting cable",1,LED,32 Inches,LED,JPEG,1366 x 768 pixels,Surround,"Dolby Audio and DTS TruSurround, WMA, MP3_audio",Surround Sound,AC,Yes,60 Hz,Wi-Fi,Wall Mount,Yes,India,3 kg 650 g,AmazonBasics 81 cm (32 inches) HD Ready Smart LED Fire TV AB32E10SS (Black)  ,4.0 out of 5 stars,"13,499",https://amazon.in/gp/slredirect/picassoRedirect.html/ref=pa_sp_atf_next_aps_sr_pg19_1?ie=UTF8&adId=A07230511XJVOGA7KXX4I&url=%2FAmazonBasics-80cm-inch-Smart-LED%2Fdp%2FB087JX4TT4%2Fref%3Dsr_1_289_sspa%3Fkeywords%3Dtv%26qid%3D1660812331%26sr%3D8-289-spons%26psc%3D1&qualifier=1660812331&id=8182300487883498&widgetName=sp_atf_next,,,,,,,,,,,,,,,,,,,,,,,,,,,,,,,
71,https://images-eu.ssl-images-amazon.com/images/I/41gz9JZLQpL._SY300_SX300_QL70_ML2_.jpg,Coocaa,Radiant Appliances and Electronics Pvt Ltd,55Y72,2022,122.5 x 23.3 x 77.6 cm; 10.2 Kilograms,55Y72,2 GB,Android,,Mali-450 GPU,3840x2160 Pixels,"1 Led TV, 1 Wallmount,1 Remote,1 Power Cord,1 Start Guide,1 Warranty Card,2 Batteries,1 Base Stands,4 Screws",1,LED,55 Inches,IPS,"GIF, JPEG",,Surround,"Mp3_audio, Wma",DTS Surround | Dolby Audio,AC,Yes,60 Hz,"Wi-Fi, USB, Ethernet, HDMI",Wall Mount & Table Top,Yes,India,10 kg 200 g,Coocaa 138 cm (55 inches) Frameless Series 4k Ultra HD Smart Certified Android IPS Google LED TV 55Y72 (Black)  ,3.6 out of 5 stars,"39,999",https://amazon.in/gp/slredirect/picassoRedirect.html/ref=pa_sp_atf_next_aps_sr_pg19_1?ie=UTF8&adId=A05501107E9CDXMXKF91&url=%2FCoocaa-Frameless-Certified-Android-55Y72%2Fdp%2FB0B45V22TX%2Fref%3Dsr_1_290_sspa%3Fkeywords%3Dtv%26qid%3D1660812331%26sr%3D8-290-spons%26psc%3D1&qualifier=1660812331&id=8182300487883498&widgetName=sp_atf_next,55Y72,2 AAA batteries required. (included),16 GB,PAL,8 Milliseconds,"Android, Iphone","Personalised for you | Google Duo Supported | Web Touch Remote | Remote with Voice Assistant | HDR 10 | Chameleon Extreme 2.0 Picture Engine | Supported Applications : Netflix, Prime Video, Disney+Hotstar, Sonly Live, Zee5, Youtube",One Click Google Assistant | Prime Video | Youtube | Netflix | GooglePlay,"IR, Bluetooth",178 Degrees,16:09,High Brightness,4000:1,30 Watts,200 Volts,150 Watts,Yes,Lithium Ion,2,15 Feet,178 Degrees,"AVI, MPEG",No,Yes,,,,,,,
72,https://images-eu.ssl-images-amazon.com/images/I/41OTcoqC0JL._SY300_SX300_QL70_ML2_.jpg,AKAI,Akai,AKLT40S-D409W,2021,96.52 x 15.24 x 60.96 cm; 10 Kilograms,AKLT40S-D409W,1 GB,Android,"USB, HDMI",Mali-450 GPU,1366 x 768 Pixels,"1 LED TV, 2 Table Stand Base, 1 Wall Mount, 1 User Manual, 1 Warranty Card, 1 Remote Control,1 AV IN Adapter, 1AC Cord, 2 AAA Battery",1,LED,40 Inches,A+,JPEG,1366 x 768 pixels,Surround,"Mp3_audio, Wma",Dolby Atmos,AC,No,60 Hz,"Wi-Fi, USB, HDMI",Wall Mount,No,India,10 kg,AKAI 98 cm (40 Inches) HD Ready Smart LED TV AKLT40S-D409W (Black) (2021 Model)  ,3.5 out of 5 stars,"19,869",https://amazon.in/AKAI-Inches-Smart-AKLT40S-D409W-Black/dp/B097RB7V4V/ref=sr_1_291?keywords=tv&qid=1660812331&sr=8-291,AKLT40S-D409W,,8 GB,NTSC/PAL,6.5 Milliseconds,,"Cloud APP Store, Mirror Imaging, Unlimite Apps, Eshare, Screenshot | App Supported : Netflix, Prime Video, Voot, You Tube, Ganna, Eros Now, Hungama, NDTV, Hulu, Zee5, Disovery, Etc",Smart Tv Remote comes with Smrt Keys and Navigation Keys for better access,,178 Degrees,16:09,,300000:1,20 Watts,20 Volts (AC),220 Watt Hours,,,,,,,,Yes,,,,,,,1 GB
73,https://images-eu.ssl-images-amazon.com/images/I/51pKoc94AtL._SY300_SX300_QL70_ML2_.jpg,IFFALCON,Iffalcon,65H72,2021,144.6 x 30.2 x 88.8 cm; 19.4 Kilograms,65H72,2 GB,Android,"VGA, USB, HDMI, Headphone",G31x2 800MHz,3840x2160 Pixels,"1 LED TV, 1 Table Top Stand, 1 User Manual, 1 Warranty Card, 1 Remote Control, 2 AAA Batteries",1,QLED,65 Inches,HDR 10,"GIF, JPEG",3840 x 2160 pixels,Stereo,"Mp3_audio, Wma",Dolby Atmos,AC,Yes,60 Hz,"Wi-Fi, USB, Ethernet, HDMI",Wall Mount,Yes,India,19 kg 400 g,iFFALCON 164 cm (65 inches) 4K Ultra HD Certified Android Smart QLED TV 65H72 (Black)  ,4.2 out of 5 stars,"71,999",https://amazon.in/iFFALCON-inches-Certified-Android-65H72/dp/B098TL86G3/ref=sr_1_293?keywords=tv&qid=1660812331&sr=8-293,,2 AAA batteries required. (included),16 GB,NTSC,8 Milliseconds,,"Hands-Free Voice Control | 4K Android TV + HDR | AI-IN | T-cast | Bluetooth | Android 9.0 | Apps: Netflix, Youtube, Prime Video & 5000+ Apps | Maximum Content: 10,60,000 Hours | Pure Entertainment","Remote Comes with One Click Netflix Button, Amazon Prime Video, Zee5, TCL channel | Google Assistant for Easy access",,178 Degrees,16:09,,5000:1,24 Watts,240 Volts,210 Watts,Yes,Alkaline,,,,,Yes,Yes,,,,,,,
74,https://images-eu.ssl-images-amazon.com/images/I/51TAHW24z0L._SX300_SY300_QL70_ML2_.jpg,Lloyd,Lloyd,58US900C,2021,130.3 x 9 x 76.1 cm; 14 Kilograms,58US900C,,Android,Bluetooth 4.0,,3840*2160,"Power Cable, Remote Control, Table Stand, Wall Mount, 2 Batteries, User manual",1,LED,146 Centimetres,LED,,,,,,Corded Electric,Yes,60 Hz,Wi-Fi,,,India,14 kg,"Lloyd 146cm (58 Inches) Ultra HD Android Smart LED TV (58US900C), Black  ",3.0 out of 5 stars,"53,490",https://amazon.in/Lloyd-146cm-Inches-Android-58US900C/dp/B099ZDH1CV/ref=sr_1_297?keywords=tv&qid=1660812331&sr=8-297,,,,,,,,,,,16:9,,,,,150 Watts,No,,,,,,,,,,,,,,
75,https://images-eu.ssl-images-amazon.com/images/I/41dvZHrAhTL._SX300_SY300_QL70_ML2_.jpg,NVY,Reach NVY PVT Ltd,32 SMART TV,2022,,32 SMART TV,1 GB,Android,"Ethernet, HDMI, USB 2.0",,1366768 Pixels,"1 LED TV, 1 Table Top Stand, 1 Wall Mount Bracket, 1 User Manual, 1 Warranty Card, 1 Remote Control",1,LED,32 Inches,LED,,,Surround,"Mp3_audio, Wma",2,AC,No,60 Hz,"Wi-Fi, HDMI",Wall Mount,,India,5 kg,NVY 80 cm (32 inch) HD Ready Smart LED TV | NVA32SFR1 (Black) (2022 Model) with Android 9.0  ,4.4 out of 5 stars,"10,990",https://amazon.in/gp/slredirect/picassoRedirect.html/ref=pa_sp_mtf_aps_sr_pg19_1?ie=UTF8&adId=A06313891JMLU6VY8N7AD&url=%2FNVY-32-TV-NVA32SFR1-Android%2Fdp%2FB09WDZNLN9%2Fref%3Dsr_1_299_sspa%3Fkeywords%3Dtv%26qid%3D1660812331%26sr%3D8-299-spons%26psc%3D1&qualifier=1660812331&id=8182300487883498&widgetName=sp_mtf,NVA32SFR1,,8 GB,,8 Milliseconds,,,,IR,178 Degrees,16:9,,,20 Watts,240 Volts,48 Watts,,,2,7 Feet,,,,Yes,,,,80 x 52 x 13 cm; 5 Kilograms,,,
76,https://images-eu.ssl-images-amazon.com/images/I/41611VFTGwL._SY300_SX300_QL70_ML2_.jpg,Redmi,Redmi,L32M6-RA/L32M7-RA,2021,73 x 8.7 x 47.6 cm; 3.92 Kilograms,L32M6-RA/L32M7-RA,1 GB,Android,"AV Port, Ethernet, HDMI, Headphone, USB 2.0",Mali G31 MP2,1366 x 768 Pixels,"1 LED TV, 2 Table Stand Base, 1 User Manual, 1 Remote Control, 4 screws",1,LED,32 Inches,A+,JPEG,1366 x 768 pixels,Stereo,"Dolby, DTS-HD, Mp3_audio",Dolby Audio | DTS Virtual: X | DTS-HD,AC,Yes,60 Hz,"Wi-Fi, USB, Ethernet, HDMI",Wall Mount,Yes,India,3 kg 920 g,Redmi 80 cm (32 inches) Android 11 Series HD Ready Smart LED TV | L32M6-RA/L32M7-RA (Black)  ,4.2 out of 5 stars,"14,999",https://amazon.in/gp/slredirect/picassoRedirect.html/ref=pa_sp_mtf_aps_sr_pg19_1?ie=UTF8&adId=A054367039CG9GF4P6B7C&url=%2FRedmi-inches-Ready-L32M6-RA-Android%2Fdp%2FB09F9YQQ7B%2Fref%3Dsr_1_300_sspa%3Fkeywords%3Dtv%26qid%3D1660812331%26sr%3D8-300-spons%26psc%3D1&qualifier=1660812331&id=8182300487883498&widgetName=sp_mtf,Redmi Smart TV 32,2 AAA batteries required.,8 GB,NTSC,,,PatchWall 4 with IMDb Integration | Kids Mode with Parental Lock | 90+ Free Live Channels | Netflix | Prime Video | Disney+ Hotstar and more | Android TV 11 | Google Assistant | Chromecast Built-in | Miracast,Remote with easy Access like Voice assistant | Ok Google | Quick Wake | Quick Mute | Quick Settings | Netflix and Prime Video buttons,Bluetooth,178 Degrees,16:09,Ultra Bright Screen,,20 Watts,240 Volts,50 Watts,No,,2,8 Feet,178 Degrees,"AVI, MPEG",,Yes,,,,,,,
77,https://images-eu.ssl-images-amazon.com/images/I/31UBLlLPr2L._SY300_SX300_QL70_ML2_.jpg,Acer,Dixon Technologies,AR42AP2841FD,2021,95.1 x 22 x 59.3 cm; 6.25 Kilograms,AR42AP2841FD,1.5 GB,Android,"USB, HDMI",Mali 470 x 2,1920 x 1080 Pixels,"1 LED TV, Remote Control, 2 AAA Batteries, AV Cable, User Manual, 4 Screws, Stand",1,LED,42 Inches,A+ | HDR10 | Wide Color Gamut | Micro Dimming,JPEG,1920 x 1080 pixels,,"Mp3_audio, Wma",Dolby Audio,AC,Yes,60 Hz,"Wi-Fi, USB, Ethernet, HDMI",Wall Mount,Yes,India,6 kg 250 g,Acer 106.8 cm (42 inches) P series Full HD Android Smart LED TV AR42AP2841FD (Black) (2021 Model)  ,4.3 out of 5 stars,"23,999",https://amazon.in/Acer-106-8-inches-Android-AR42AP2841FD/dp/B099KSTCSZ/ref=sr_1_305?keywords=tv&qid=1660812331&sr=8-305,AR42AP2841FD,2 AAA batteries required. (included),,NTSC,6.5 Milliseconds,,,"One Click Netflix, Amazon Prime Video, YouTube Button Remote | Google Assistant | Google Movie Program Guide",,,16:09,,5000:01,24 Watts,110 Volts,24 Watts,Yes,Lithium,,,,,No,Yes,,,,,,,
78,https://images-eu.ssl-images-amazon.com/images/I/51Nc27X5e8L._SY300_SX300_QL70_ML2_.jpg,IFFALCON,TCL King Electrical Appliances Huizhou Co Ltd,65U61,2021,145.7 x 8.5 x 84.3 cm; 17.3 Kilograms,65U61,2 GB,Android,"USB, HDMI",Mali4703 600MHz~800MHz,3840 x 2160 Pixels,"1 LED TV, 1 Table Top Stand, 1 User Manual, 1 Warranty Card, 1 Remote Control, 2 AAA Batteries",1,LED,65 Inches,A+ Grade,JPEG,3840 x 2160 pixels,Surround,"Mp3_audio, Wma",Dolby Audio,AC,Yes,60 Hz,"Wi-Fi, USB, Ethernet, HDMI",Wall Mount & Table Mount,Yes,India,17 kg 300 g,iFFALCON 164 cm (65 inches) 4K Ultra HD Certified Android Smart LED TV 65U61 (Black)  ,4.3 out of 5 stars,"56,999",https://amazon.in/iFFALCON-inches-Certified-Android-65U61/dp/B0995XM2NS/ref=sr_1_306?keywords=tv&qid=1660812331&sr=8-306,65U61,2 AAA batteries required. (included),16 GB,NTSC,6.5 Milliseconds,,"Google Assistant | 4K Android TV + HDR 10 | AI-IN | T-cast | Bluetooth 5.0 | Android P | Supported Apps : Netflix, Google Assistant, Android TV, Amazon Video, YouTube","One Click Netflix, Amazon Prime Video, ZEE5 and TCL Chanel Button | Google Assistant",,178 Degrees,16:09,,4000:1,24 Watts,,24 Watts,Yes,Lithium Ion,,,,,Yes,Yes,,,,,,,
79,https://images-eu.ssl-images-amazon.com/images/I/416IHu53mdL._SY300_SX300_QL70_ML2_.jpg,LG,LG Electronics India Pvt. Ltd.,32LM560BPTC,2019,26.31 x 123.2 x 78.1 cm; 19.1 Kilograms,32LM560BPTC,1 GB,WebOS,"USB, HDMI",LG Graphic Processor,1366x768 Pixels,"1 NanoCell TV, 1 Table Top Stand, 1 User Manual, 1 Warranty Card, 1 Remote Control, 2 AA Batteries, 1 Power Cable / Power Supply Adopter",1,LED,32 Inches,IPS,"PSD, GIF, PNG, JPEG",1366 x 768 pixels,,"Mp3_audio, Wma",DTS Virtual:X,AC,No,50 Hz,"Wi-Fi, USB, HDMI",Wall Mount,No,India,19 kg 100 g,LG 80 cms (32 Inches) HD Ready Smart IPS LED TV 32LM560BPTC (Dark Iron Gray) (2019 Model)  ,4.3 out of 5 stars,"18,490",https://amazon.in/LG-Inches-Ready-32LM560BPTC-Display/dp/B07TMFQMJC/ref=sr_1_307?keywords=tv&qid=1660812331&sr=8-307,,2 AAA batteries required. (included),4 GB,,,,Smart TV Features: Amazon Prime Video | Web OS smart TV | Quick access | Quad core processor | Screen share | Web browser | Cloud photo and video \ Expandable memory,Standard Remote,IR Remote,178 Degrees,16:9,High brightness,"10,000,000 : 1",10 Watts,,10.00,Yes,Alkaline,1,8 Feet,,"AVI, MPEG, Blu-ray, WMA, DVD, WAV",,Yes,,,,,,,
80,https://images-eu.ssl-images-amazon.com/images/I/41pyvx9P93L._SY300_SX300_QL70_ML2_.jpg,Imee,iMee,Elite-32SFL-steel gray,2022,,Elite-32SFL-steel gray,,Android,"USB, HDMI",,1366768 Pixels,"User Manual, Warranty Card, Remote",1,LED,32 Inches,LED,,,Surround,,,,,60 Hz,Wi-Fi,,,India,,iMee 80cm (32 inch) Elite Series Smart Frameless HD LED TV (Black Colour)  ,1.0 out of 5 stars,"10,499",https://amazon.in/Elite-Smart-Frameless-Black-Colour/dp/B09SG84NB5/ref=sr_1_308?keywords=tv&qid=1660812331&sr=8-308,Steel Grey,,,,,,,,,,16:9,,,,,50 Watts,,,,,,,,,,,,,,,
81,https://images-eu.ssl-images-amazon.com/images/I/41Q5zqyjWPL._SY300_SX300_QL70_ML2_.jpg,Karbonn,"Westway Electronics Limited, A001D, Sector-84, Noida, G.B Nagar, Uttar Pradesh, 201305",KJW32SKHD,2021,72.2 x 8 x 42.5 cm; 4.4 Kilograms,KJW32SKHD,1 GB,Android,"USB, HDMI",Mali-G31MP2,1366x768 Pixels,"1 LED TV, 2 Table Stand Base, 1 Wall Mounting Set, 4 Screws, 1 User Manual, 1 Warranty Card, 1 Remote Control, 2 AAA Battery",1,LED,32 Inches,A+,"GIF, JPEG",,,"Mp3_audio, Wma",Sorround,AC,Yes,60 Hz,"Wi-Fi, USB, Ethernet, HDMI",Wall Mount & Table Mount,No,India,4 kg 400 g,Karbonn 80 cm (32 Inches) Millennium Series HD Ready Smart LED TV KJW32SKHD (Phantom Black) with Bezel-Less Design  ,4.4 out of 5 stars,"8,990",https://amazon.in/gp/slredirect/picassoRedirect.html/ref=pa_sp_btf_aps_sr_pg19_1?ie=UTF8&adId=A03301052HG8ZJO86QMJ4&url=%2FKarbonn-Millennium-KJW32SKHD-Phantom-Bezel-Less%2Fdp%2FB0B466C3G4%2Fref%3Dsr_1_309_sspa%3Fkeywords%3Dtv%26qid%3D1660812331%26sr%3D8-309-spons%26psc%3D1&qualifier=1660812331&id=8182300487883498&widgetName=sp_btf,KJW32SKHD,2 AAA batteries required. (included),8 GB,NTSC,8 Milliseconds,Android,"Prime Video, Inbuilt App Store, SonyLiv, Youtube, Hotstar, Android 9 (GOS), In-built Apps Store, Screen Sharing, Remote with Hotkeys, Movie Box | Supported Apps : Netflix",Navigation Keys for Easy Access,IR,178 Degrees,16:09,High brightness,3000:1,20 Watts,110 Volts,60 Watts,Yes,Manganese,2,9 Feet,178 Degrees,"AVI, MPEG",No,Yes,,,60 Hz,,,,
82,https://m.media-amazon.com/images/I/41aE+7g9FtL._SX300_SY300_.jpg,Coocaa,Radiant Appliances and Electronics Pvt Ltd,43S7G,2022,95.5 x 20.4 x 60.3 cm; 6 Kilograms,43S7G,1 GB,Android,,Mali-450 GPU,1920x1080 Pixels,"1 Led TV, 1 Wallmount,1 Remote,1 Power Cord,1 Start Guide,1 Warranty Card,2 Batteries,1 Base Stands,4 Screws",1,LED,43 Inches,IPS,"GIF, JPEG",,Surround,"Mp3_audio, Wma",DTS Surround | Dolby Audio,AC,Yes,60 Hz,"Wi-Fi, USB, Ethernet, HDMI",Wall Mount & Table Top,Yes,India,6 kg,Coocaa 108 cm (43 inches) Frameless Series Full HD Smart Certified Android IPS LED TV 43S7G (Black)  ,4.2 out of 5 stars,"19,999",https://amazon.in/gp/slredirect/picassoRedirect.html/ref=pa_sp_btf_aps_sr_pg19_1?ie=UTF8&adId=A0303402JBT0B2VHU9CP&url=%2FCoocaa-Frameless-Certified-Android-43S7G%2Fdp%2FB0B45Z3NNG%2Fref%3Dsr_1_310_sspa%3Fkeywords%3Dtv%26qid%3D1660812331%26sr%3D8-310-spons%26psc%3D1&qualifier=1660812331&id=8182300487883498&widgetName=sp_btf,43S7G,2 AAA batteries required. (included),8 GB,PAL,8 Milliseconds,"Android, Iphone","Eye Care | Remote with voice Assistant | Android 11.0 | HDR 10 | Trochilus Extreme Picture Engine | Supported Applications : Netflix, Prime Video, Disney+Hotstar, Sonly Live, Zee5, Youtube",One Click Google Assistant | Prime Video | Youtube | Netflix | GooglePlay,"IR, Bluetooth",178 Degrees,16:09,High Brightness,4000:1,20 Watts,200 Volts,74 Watts,Yes,Lithium Ion,2,12 Feet,178 Degrees,"AVI, MPEG",No,Yes,,,,,,,
