id,brand,series,weight,ram,price,graphics,disk,battery,display,processor,max_memory,url,image_url,rating
0,HP,14s-dy2506TU,1.46,8.0,38990,,,,14.015748031496063,3.7,16.0,https://amazon.in/gp/slredirect/picassoRedirect.html/ref=pa_sp_atf_aps_sr_pg1_1?ie=UTF8&adId=A0447151V9B07ZBYFE2A&url=%2FHP-Micro-Edge-Anti-Glare-Display-Graphics%2Fdp%2FB09MH9M5CV%2Fref%3Dsr_1_1_sspa%3Fkeywords%3Dlaptop%26qid%3D1656489478%26sr%3D8-1-spons%26psc%3D1&qualifier=1656489478&id=4413978530269379&widgetName=sp_atf,https://images-eu.ssl-images-amazon.com/images/I/51mDPrTCtgL._SX300_SY300_QL70_ML2_.jpg,4.2 out of 5 stars
1,Lenovo,,1.2,4.0,23890,,,8.0,11.6,2.8,4.0,https://amazon.in/gp/slredirect/picassoRedirect.html/ref=pa_sp_atf_aps_sr_pg1_1?ie=UTF8&adId=A07647221B5JMG1AVRRY2&url=%2FLenovo-IdeaPad-Celeron-Platinum-81VT009UIN%2Fdp%2FB09V7ZJYBN%2Fref%3Dsr_1_2_sspa%3Fkeywords%3Dlaptop%26qid%3D1656489478%26sr%3D8-2-spons%26psc%3D1&qualifier=1656489478&id=4413978530269379&widgetName=sp_atf,https://m.media-amazon.com/images/I/41F52ef+pdL._SX300_SY300_.jpg,3.8 out of 5 stars
2,ASUS,,1.8,4.0,26990,4.0,256.0,6.0,17.79527559055118,2.8,8.0,https://amazon.in/ASUS-15-6-inch-Integrated-Transparent-X515MA-BR011W/dp/B09SGGB687/ref=sr_1_3?keywords=laptop&qid=1656489478&sr=8-3,https://images-eu.ssl-images-amazon.com/images/I/414057taYKL._SX300_SY300_QL70_ML2_.jpg,4.1 out of 5 stars
3,HP,,3.0,,19999,,,2.0,15.6,2.2,16.0,https://amazon.in/Renewed-HP-650-Generation-Warranty/dp/B0B4VT8J6D/ref=sr_1_omk_4?keywords=laptop&qid=1656489478&sr=8-4,https://m.media-amazon.com/images/I/41+dy19aYEL._SY300_SX300_.jpg,
4,Lenovo,,1.2,4.0,23890,,,8.0,11.6,2.8,4.0,https://amazon.in/Lenovo-IdeaPad-Celeron-Platinum-81VT009UIN/dp/B09V7ZJYBN/ref=sr_1_5?keywords=laptop&qid=1656489478&sr=8-5,https://m.media-amazon.com/images/I/41F52ef+pdL._SX300_SY300_.jpg,3.8 out of 5 stars
5,HP,,2.8,8.0,29696,,1024.0,,15.6,2.6,8.0,https://amazon.in/HP-3-3250U-Graphics-64Q84PA-ACJ/dp/B09RMQXSZT/ref=sr_1_6?keywords=laptop&qid=1656489478&sr=8-6,https://images-eu.ssl-images-amazon.com/images/I/41zST01y9kL._SY300_SX300_QL70_ML2_.jpg,3.8 out of 5 stars
6,HP,,1.8,8.0,40845,,512.0,4.0,15.0,3.0,16.0,https://amazon.in/HP-15s-11th-Micro-Edge-Anti-Glare-Graphics/dp/B09S3S2DZV/ref=sr_1_7?keywords=laptop&qid=1656489478&sr=8-7,https://images-eu.ssl-images-amazon.com/images/I/41KupVQ5l6L._SX300_SY300_QL70_ML2_.jpg,4.2 out of 5 stars
7,Dell,,1.6800000000000002,8.0,32700,,,,15.6,2.3,16.0,https://amazon.in/Dell-Inspiron-Office21-Graphics-D560766Win9Be/dp/B09TNWYR3Q/ref=sr_1_8?keywords=laptop&qid=1656489478&sr=8-8,https://images-eu.ssl-images-amazon.com/images/I/41sMHxpOBgL._SX300_SY300_QL70_ML2_.jpg,4.0 out of 5 stars
8,Dell,,1.6099999999999999,8.0,33390,,,,,1.1,32.0,https://amazon.in/Dell-Inspiron-Pqc-N5030-Office21-D560756Win9Be/dp/B09TNX9B9F/ref=sr_1_9?keywords=laptop&qid=1656489478&sr=8-9,https://images-eu.ssl-images-amazon.com/images/I/41e6THlQznL._SX300_SY300_QL70_ML2_.jpg,4.2 out of 5 stars
9,MI,,1.4,16.0,57990,,,,15.984251968503937,3.1,16.0,https://amazon.in/Notebook-Display-i5-11300H-Graphics-Fingerprint/dp/B098XL8VSM/ref=sr_1_10?keywords=laptop&qid=1656489478&sr=8-10,https://images-eu.ssl-images-amazon.com/images/I/41Ix2JelnmL._SX300_SY300_QL70_ML2_.jpg,4.3 out of 5 stars
10,Redmi,XMA2101-BN,1.8,8.0,42990,,512.0,,17.79527559055118,3.1,8.0,https://amazon.in/gp/slredirect/picassoRedirect.html/ref=pa_sp_mtf_aps_sr_pg1_1?ie=UTF8&adId=A02744701J5I05YD09YCL&url=%2FRedmi-15-6-inch-Laptop-Windows-Charcoal%2Fdp%2FB09L53YH86%2Fref%3Dsr_1_11_sspa%3Fkeywords%3Dlaptop%26qid%3D1656489478%26sr%3D8-11-spons%26psc%3D1&qualifier=1656489478&id=4413978530269379&widgetName=sp_mtf,https://images-eu.ssl-images-amazon.com/images/I/41XFk1XYcgL._SX300_SY300_QL70_ML2_.jpg,3.9 out of 5 stars
11,Lenovo,82FG01H9IN,1.6600000000000001,16.0,58990,,512.0,,15.6,4.2,,https://amazon.in/gp/slredirect/picassoRedirect.html/ref=pa_sp_mtf_aps_sr_pg1_1?ie=UTF8&adId=A02457181IASI12QTED2Y&url=%2FLenovo-IdeaPad-Fingerprint-Graphite-82FGO1H9IN%2Fdp%2FB09M423NVT%2Fref%3Dsr_1_12_sspa%3Fkeywords%3Dlaptop%26qid%3D1656489478%26sr%3D8-12-spons%26psc%3D1&qualifier=1656489478&id=4413978530269379&widgetName=sp_mtf,https://m.media-amazon.com/images/I/51c7JY+rpOL._SY300_SX300_.jpg,4.3 out of 5 stars
12,Acer,,1.9,8.0,34990,,512.0,8.0,15.6,2.6,8.0,https://amazon.in/Acer-Aspire-Ryzen-Processor-Laptop/dp/B09S3RRTPH/ref=sr_1_13?keywords=laptop&qid=1656489478&sr=8-13,https://images-eu.ssl-images-amazon.com/images/I/412v2H9aT3L._SX300_SY300_QL70_ML2_.jpg,4.1 out of 5 stars
13,Lenovo,,1.5,4.0,28990,,256.0,14.0,14.0,2.8,4.0,https://amazon.in/Lenovo-IdeaPad-Celeron-Platinum-81WH007KIN/dp/B09MM4FPMR/ref=sr_1_14?keywords=laptop&qid=1656489478&sr=8-14,https://images-eu.ssl-images-amazon.com/images/I/41NvMZxjbKL._SX300_SY300_QL70_ML2_.jpg,3.8 out of 5 stars
14,Lenovo,,2.5,4.0,18304,,500.0,,14.0,,,https://amazon.in/Lenovo-T420-i5-4-GB-500-GB-Integrated/dp/B07KYH14QV/ref=sr_1_15?keywords=laptop&qid=1656489478&sr=8-15,https://images-eu.ssl-images-amazon.com/images/I/41X8Z5N16KL._SX300_SY300_QL70_ML2_.jpg,3.3 out of 5 stars
15,HP,HP 247 G8 Notebook 67U77PA,1.5,8.0,28797,,,,14.0,2.3,16.0,https://amazon.in/HP-247-G8-Warranty-67U77PA/dp/B09RMP6MM7/ref=sr_1_16?keywords=laptop&qid=1656489478&sr=8-16,https://images-eu.ssl-images-amazon.com/images/I/41lNWrEJvvS._SY300_SX300_QL70_ML2_.jpg,3.7 out of 5 stars
16,ASUS,,1.8,16.0,46990,,512.0,6.0,17.79527559055118,4.0,16.0,https://amazon.in/ASUS-Vivobook-15-6-inch-Integrated-M515DA-BQ722WS/dp/B09W9MBS1G/ref=sr_1_17?keywords=laptop&qid=1656489478&sr=8-17,https://images-eu.ssl-images-amazon.com/images/I/414057taYKL._SX300_SY300_QL70_ML2_.jpg,5.0 out of 5 stars
17,Lenovo,82H801L7IN,1.65,8.0,38240,,512.0,,15.6,4.1,12.0,https://amazon.in/Lenovo-IdeaPad-Windows-Warranty-82H801L7IN/dp/B09NP4KXMS/ref=sr_1_18?keywords=laptop&qid=1656489478&sr=8-18,https://images-eu.ssl-images-amazon.com/images/I/51tbcILVglL._SX300_SY300_QL70_ML2_.jpg,4.2 out of 5 stars
18,HP,14a-na0003TU,1.46,4.0,24889,4.0,64.0,,14.0,1.1,4.0,https://amazon.in/HP-Chromebook-14a-na0003TU-Touchscreen-Expandable/dp/B08C5W6PL2/ref=sr_1_19?keywords=laptop&qid=1656489478&sr=8-19,https://images-eu.ssl-images-amazon.com/images/I/51Q78Szg2aL._SX300_SY300_QL70_ML2_.jpg,3.7 out of 5 stars
19,Acer,A514-54,1.45,8.0,51899,,2048.0,,14.0,4.2,20.0,https://amazon.in/Acer-14-inch-Laptop-Graphics-A514-54/dp/B09RF4YLCJ/ref=sr_1_20?keywords=laptop&qid=1656489478&sr=8-20,https://images-eu.ssl-images-amazon.com/images/I/41wagRMOCeL._SX300_SY300_QL70_ML2_.jpg,3.7 out of 5 stars
20,HP,14s-fq1092au,1.46,8.0,47154,8.0,512.0,,14.0,4.0,16.0,https://amazon.in/gp/slredirect/picassoRedirect.html/ref=pa_sp_btf_aps_sr_pg1_1?ie=UTF8&adId=A08324291BQ7ENQ9VMB94&url=%2FHP-Micro-Edge-Graphics-Keyboard-14s-fq1092au%2Fdp%2FB09R1L73TM%2Fref%3Dsr_1_21_sspa%3Fkeywords%3Dlaptop%26qid%3D1656489478%26sr%3D8-21-spons%26psc%3D1&qualifier=1656489478&id=4413978530269379&widgetName=sp_btf,https://images-eu.ssl-images-amazon.com/images/I/41qola4WFTL._SX300_SY300_QL70_ML2_.jpg,4.3 out of 5 stars
21,HP,Eq2143AU,1.69,8.0,37849,,512.0,,15.6,3.8,16.0,https://amazon.in/gp/slredirect/picassoRedirect.html/ref=pa_sp_btf_aps_sr_pg1_1?ie=UTF8&adId=A06028451XZW3A719E10X&url=%2FMicro-Edge-Anti-Glare-Graphics-Speakers-15S-Eq2143Au%2Fdp%2FB09R1MMMTH%2Fref%3Dsr_1_22_sspa%3Fkeywords%3Dlaptop%26qid%3D1656489478%26sr%3D8-22-spons%26psc%3D1&qualifier=1656489478&id=4413978530269379&widgetName=sp_btf,https://m.media-amazon.com/images/I/516+4J0tZlL._SY300_SX300_.jpg,3.7 out of 5 stars
22,HP,14s-dy2506TU,1.46,8.0,38990,,,,14.015748031496063,3.7,16.0,https://amazon.in/gp/slredirect/picassoRedirect.html/ref=pa_sp_atf_next_aps_sr_pg2_1?ie=UTF8&adId=A0447151V9B07ZBYFE2A&url=%2FHP-Micro-Edge-Anti-Glare-Display-Graphics%2Fdp%2FB09MH9M5CV%2Fref%3Dsr_1_17_sspa%3Fkeywords%3Dlaptop%26qid%3D1656489481%26sr%3D8-17-spons%26psc%3D1&qualifier=1656489481&id=6518756257622608&widgetName=sp_atf_next,https://images-eu.ssl-images-amazon.com/images/I/51mDPrTCtgL._SX300_SY300_QL70_ML2_.jpg,4.2 out of 5 stars
23,Redmi,XMA2101-BN,1.8,8.0,42990,,512.0,,17.79527559055118,3.1,8.0,https://amazon.in/gp/slredirect/picassoRedirect.html/ref=pa_sp_atf_next_aps_sr_pg2_1?ie=UTF8&adId=A02744701J5I05YD09YCL&url=%2FRedmi-15-6-inch-Laptop-Windows-Charcoal%2Fdp%2FB09L53YH86%2Fref%3Dsr_1_18_sspa%3Fkeywords%3Dlaptop%26qid%3D1656489481%26sr%3D8-18-spons%26psc%3D1&qualifier=1656489481&id=6518756257622608&widgetName=sp_atf_next,https://images-eu.ssl-images-amazon.com/images/I/41XFk1XYcgL._SX300_SY300_QL70_ML2_.jpg,3.9 out of 5 stars
24,Dell,,1.5899999999999999,4.0,37490,,1024.0,4.0,,4.1,16.0,https://amazon.in/Dell-Vostro-3400-Integrated-D552164WIN9DE/dp/B097SZXLCB/ref=sr_1_19?keywords=laptop&qid=1656489481&sr=8-19,https://m.media-amazon.com/images/I/41NPo+SASeL._SY300_SX300_.jpg,4.2 out of 5 stars
25,Lenovo,,1.7,8.0,45990,2.0,,8.0,15.6,1.6,12.0,https://amazon.in/Lenovo-IdeaPad-Warranty-Platinum-81WB01BPIN/dp/B09JC1WJ5L/ref=sr_1_20?keywords=laptop&qid=1656489481&sr=8-20,https://images-eu.ssl-images-amazon.com/images/I/41PnIUzyYML._SX300_SY300_QL70_ML2_.jpg,4.1 out of 5 stars
26,Acer,,1.7,4.0,31790,8.0,2048.0,8.0,15.6,4.1,12.0,https://amazon.in/Acer-Aspire-Generation-15-6-inch-Laptop/dp/B09NBNS59C/ref=sr_1_21?keywords=laptop&qid=1656489481&sr=8-21,https://images-eu.ssl-images-amazon.com/images/I/41eU2yRiQ5L._SY300_SX300_QL70_ML2_.jpg,4.2 out of 5 stars
27,Dell,,1.71,8.0,23766,,256.0,,14.1,,,https://amazon.in/Renewed-Dell-Latitude-Laptop-E5470/dp/B094CBQ32N/ref=sr_1_22?keywords=laptop&qid=1656489481&sr=8-22,https://images-eu.ssl-images-amazon.com/images/I/419x1ps8aFL._SY300_SX300_QL70_ML2_.jpg,3.9 out of 5 stars
28,HP,,1.05,4.0,19399,,64.0,4.0,11.6,2.0,4.0,https://amazon.in/HP-Chromebook-MediaTek-Touchscreen-11a-na0004MU/dp/B09GKQRLF2/ref=sr_1_23?keywords=laptop&qid=1656489481&sr=8-23,https://images-eu.ssl-images-amazon.com/images/I/41cZHPDWKSL._SX300_SY300_QL70_ML2_.jpg,3.7 out of 5 stars
29,HP,,2.27,8.0,20999,,,,14.0,,,https://amazon.in/HP-EliteBook-Notebook-A10-8700B-Professional/dp/B07JNH1XQJ/ref=sr_1_24?keywords=laptop&qid=1656489481&sr=8-24,https://images-eu.ssl-images-amazon.com/images/I/41IFRDBqjGL._SX300_SY300_QL70_ML2_.jpg,4.5 out of 5 stars
30,HP,,2.1,8.0,38990,,512.0,5.0,15.6,3.0,8.0,https://amazon.in/HP-i3-1115G4-Windows-Graphics-42V68PA/dp/B096G1V3RC/ref=sr_1_25?keywords=laptop&qid=1656489481&sr=8-25,https://images-eu.ssl-images-amazon.com/images/I/411Zf9v-U3S._SY300_SX300_QL70_ML2_.jpg,4.0 out of 5 stars
31,Acer,EX215-54,1.7,4.0,30990,,,,15.6,4.1,8.0,https://amazon.in/Acer-Extensa-11th-Intel-Laptop/dp/B09STHP9PX/ref=sr_1_26?keywords=laptop&qid=1656489481&sr=8-26,https://images-eu.ssl-images-amazon.com/images/I/41uXxOM7XmL._SX300_SY300_QL70_ML2_.jpg,4.3 out of 5 stars
32,Lenovo,82FG01H9IN,1.6600000000000001,16.0,58990,,512.0,,15.6,4.2,,https://amazon.in/gp/slredirect/picassoRedirect.html/ref=pa_sp_mtf_aps_sr_pg2_1?ie=UTF8&adId=A02457181IASI12QTED2Y&url=%2FLenovo-IdeaPad-Fingerprint-Graphite-82FGO1H9IN%2Fdp%2FB09M423NVT%2Fref%3Dsr_1_27_sspa%3Fkeywords%3Dlaptop%26qid%3D1656489481%26sr%3D8-27-spons%26psc%3D1&qualifier=1656489481&id=6518756257622608&widgetName=sp_mtf,https://m.media-amazon.com/images/I/51c7JY+rpOL._SY300_SX300_.jpg,4.3 out of 5 stars
33,Lenovo,,1.65,8.0,52990,,,6.0,15.6,2.4,16.0,https://amazon.in/gp/slredirect/picassoRedirect.html/ref=pa_sp_mtf_aps_sr_pg2_1?ie=UTF8&adId=A07025472Y6F8DRM313EI&url=%2FLenovo-IdeaPad-Windows-Warranty-82H802FHIN%2Fdp%2FB09Q5JGSX1%2Fref%3Dsr_1_28_sspa%3Fkeywords%3Dlaptop%26qid%3D1656489481%26sr%3D8-28-spons%26psc%3D1&qualifier=1656489481&id=6518756257622608&widgetName=sp_mtf,https://images-eu.ssl-images-amazon.com/images/I/51tbcILVglL._SX300_SY300_QL70_ML2_.jpg,4.1 out of 5 stars
34,Lenovo,,1.3,8.0,34190,,512.0,,12.5,,,https://amazon.in/Renewed-Lenovo-Thinkpad-Laptop-Intel/dp/B08SM4ZX98/ref=sr_1_29?keywords=laptop&qid=1656489481&sr=8-29,https://images-eu.ssl-images-amazon.com/images/I/41K7ocyhHpL._SY300_SX300_QL70_ML2_.jpg,
35,Lenovo,,1.75,8.0,31999,,512.0,1.5,14.0,1.6,8.0,https://amazon.in/Renewed-Lenovo-Thinkpad-Bluetooth-Graphics/dp/B0B3J12467/ref=sr_1_30?keywords=laptop&qid=1656489481&sr=8-30,https://images-eu.ssl-images-amazon.com/images/I/51rJ27NQqAL._SX300_SY300_QL70_ML2_.jpg,
36,Acer,,1.9,4.0,27281,,1024.0,7.0,15.6,3.1,8.0,https://amazon.in/Acer-Processor-Business-Integrated-EX215-31/dp/B095BYNN8Z/ref=sr_1_31?keywords=laptop&qid=1656489481&sr=8-31,https://images-eu.ssl-images-amazon.com/images/I/41lwxk9Py-S._SY300_SX300_QL70_ML2_.jpg,3.3 out of 5 stars
37,HP,,1.69,8.0,36450,,,,,3.7,16.0,https://amazon.in/15S-11Th-Gen-Intel-Core-Micro-Edge/dp/B09S9YDLLJ/ref=sr_1_32?keywords=laptop&qid=1656489481&sr=8-32,https://images-eu.ssl-images-amazon.com/images/I/51cFZR0VpkL._SX300_SY300_QL70_ML2_.jpg,4.1 out of 5 stars
38,Lenovo,,1.75,8.0,29999,,256.0,1.5,14.0,1.6,8.0,https://amazon.in/Renewed-Lenovo-Thinkpad-Bluetooth-Graphics/dp/B0B3HZSWRG/ref=sr_1_33?keywords=laptop&qid=1656489481&sr=8-33,https://images-eu.ssl-images-amazon.com/images/I/51rJ27NQqAL._SX300_SY300_QL70_ML2_.jpg,
39,Lenovo,,1.75,16.0,33999,,256.0,1.5,14.0,1.6,16.0,https://amazon.in/Renewed-Lenovo-Thinkpad-Bluetooth-Graphics/dp/B0B3HY8927/ref=sr_1_34?keywords=laptop&qid=1656489481&sr=8-34,https://images-eu.ssl-images-amazon.com/images/I/51rJ27NQqAL._SX300_SY300_QL70_ML2_.jpg,
40,HP,,1.8,8.0,35090,,256.0,,14.0,,,https://amazon.in/Renewed-HP-Elitebook-UltraSlim-Laptop/dp/B094N52C4N/ref=sr_1_35?keywords=laptop&qid=1656489481&sr=8-35,https://images-eu.ssl-images-amazon.com/images/I/41OIrV4-9EL._SY300_SX300_QL70_ML2_.jpg,
41,Acer,,2.6,16.0,194999,8.0,1024.0,,15.6,4.7,32.0,https://amazon.in/Acer-Predator-i7-12700H-Graphics-PH315-55/dp/B0B29B4FV6/ref=sr_1_36?keywords=laptop&qid=1656489481&sr=8-36,https://images-eu.ssl-images-amazon.com/images/I/41TAZ1VMx5L._SX300_SY300_QL70_ML2_.jpg,
42,HP,14s-fq1092au,1.46,8.0,47154,8.0,512.0,,14.0,4.0,16.0,https://amazon.in/gp/slredirect/picassoRedirect.html/ref=pa_sp_btf_aps_sr_pg2_1?ie=UTF8&adId=A08324291BQ7ENQ9VMB94&url=%2FHP-Micro-Edge-Graphics-Keyboard-14s-fq1092au%2Fdp%2FB09R1L73TM%2Fref%3Dsr_1_37_sspa%3Fkeywords%3Dlaptop%26qid%3D1656489481%26sr%3D8-37-spons%26psc%3D1&qualifier=1656489481&id=6518756257622608&widgetName=sp_btf,https://images-eu.ssl-images-amazon.com/images/I/41qola4WFTL._SX300_SY300_QL70_ML2_.jpg,4.3 out of 5 stars
43,HP,Eq2143AU,1.69,8.0,37849,,512.0,,15.6,3.8,16.0,https://amazon.in/gp/slredirect/picassoRedirect.html/ref=pa_sp_btf_aps_sr_pg2_1?ie=UTF8&adId=A06028451XZW3A719E10X&url=%2FMicro-Edge-Anti-Glare-Graphics-Speakers-15S-Eq2143Au%2Fdp%2FB09R1MMMTH%2Fref%3Dsr_1_38_sspa%3Fkeywords%3Dlaptop%26qid%3D1656489481%26sr%3D8-38-spons%26psc%3D1&qualifier=1656489481&id=6518756257622608&widgetName=sp_btf,https://m.media-amazon.com/images/I/516+4J0tZlL._SY300_SX300_.jpg,3.7 out of 5 stars
44,HP,14s-dy2506TU,1.46,8.0,38990,,,,14.015748031496063,3.7,16.0,https://amazon.in/gp/slredirect/picassoRedirect.html/ref=pa_sp_atf_next_aps_sr_pg3_1?ie=UTF8&adId=A0447151V9B07ZBYFE2A&url=%2FHP-Micro-Edge-Anti-Glare-Display-Graphics%2Fdp%2FB09MH9M5CV%2Fref%3Dsr_1_33_sspa%3Fkeywords%3Dlaptop%26qid%3D1656489484%26sr%3D8-33-spons%26psc%3D1&qualifier=1656489484&id=4308160622482575&widgetName=sp_atf_next,https://images-eu.ssl-images-amazon.com/images/I/51mDPrTCtgL._SX300_SY300_QL70_ML2_.jpg,4.2 out of 5 stars
45,HP,Eq2143AU,1.69,8.0,37849,,512.0,,15.6,3.8,16.0,https://amazon.in/gp/slredirect/picassoRedirect.html/ref=pa_sp_atf_next_aps_sr_pg3_1?ie=UTF8&adId=A06028451XZW3A719E10X&url=%2FMicro-Edge-Anti-Glare-Graphics-Speakers-15S-Eq2143Au%2Fdp%2FB09R1MMMTH%2Fref%3Dsr_1_34_sspa%3Fkeywords%3Dlaptop%26qid%3D1656489484%26sr%3D8-34-spons%26psc%3D1&qualifier=1656489484&id=4308160622482575&widgetName=sp_atf_next,https://m.media-amazon.com/images/I/516+4J0tZlL._SY300_SX300_.jpg,3.7 out of 5 stars
46,ASUS,,2.3,,96990,4.0,512.0,,17.79527559055118,4.6,32.0,https://amazon.in/ASUS-15-6-inch-i7-11800H-GeForce-RTX-3050-FX566HC-HN093T/dp/B0987SKPZ3/ref=sr_1_35?keywords=laptop&qid=1656489484&sr=8-35,https://images-eu.ssl-images-amazon.com/images/I/517tAyLfhOL._SX300_SY300_QL70_ML2_.jpg,4.8 out of 5 stars
47,Acer,,1.7,4.0,31790,8.0,2048.0,8.0,15.6,4.1,12.0,https://amazon.in/Acer-Aspire-Generation-15-6-inch-Laptop/dp/B09NBNS59C/ref=sr_1_36?keywords=laptop&qid=1656489484&sr=8-36,https://images-eu.ssl-images-amazon.com/images/I/41eU2yRiQ5L._SY300_SX300_QL70_ML2_.jpg,4.2 out of 5 stars
48,HP,HP Laptop 15s-gr0012AU,1.8199999999999998,8.0,38999,,1024.0,,15.6,2.6,16.0,https://amazon.in/HP-3-3250-Laptop-Windows-15s-gr0012AU/dp/B08T6THSMQ/ref=sr_1_37?keywords=laptop&qid=1656489484&smid=A2JRT5V3UPLILP&sr=8-37,https://images-eu.ssl-images-amazon.com/images/I/41Z5NEsKo9L._SY300_SX300_QL70_ML2_.jpg,4.3 out of 5 stars
49,MSI,,1.8599999999999999,8.0,56990,4.0,1024.0,,15.748031496062993,4.5,64.0,https://amazon.in/MSI-i5-10500H-Windows-GTX1650-10SC-611IN/dp/B09YTVB91N/ref=sr_1_38?keywords=laptop&qid=1656489484&sr=8-38,https://images-eu.ssl-images-amazon.com/images/I/412gm9s4RFL._SX300_SY300_QL70_ML2_.jpg,3.1 out of 5 stars
50,Lenovo,,1.4,16.0,59990,,,6.0,14.0,2.4,40.0,https://amazon.in/Lenovo-ThinkBook-35-56cm-Graphics-20VDA0TLIH/dp/B09V4JXLJ7/ref=sr_1_39?keywords=laptop&qid=1656489484&sr=8-39,https://images-eu.ssl-images-amazon.com/images/I/51CgbCTiwlL._SY300_SX300_QL70_ML2_.jpg,3.9 out of 5 stars
51,Honor,,1.38,8.0,42990,,512.0,13.2,14.0,1.6,8.0,https://amazon.in/Honor-MagicBook-i5-10210U-Anti-Glare-NobleBR-WAH9E/dp/B09VPV1HCG/ref=sr_1_40?keywords=laptop&qid=1656489484&sr=8-40,https://images-eu.ssl-images-amazon.com/images/I/31tWQlYOcaL._SX300_SY300_QL70_ML2_.jpg,4.3 out of 5 stars
52,Redmi,XMA2101-BN,1.8,8.0,42990,,512.0,,17.79527559055118,3.1,8.0,https://amazon.in/Redmi-15-6-inch-Laptop-Windows-Charcoal/dp/B09L53YH86/ref=sr_1_41?keywords=laptop&qid=1656489484&sr=8-41,https://images-eu.ssl-images-amazon.com/images/I/41XFk1XYcgL._SX300_SY300_QL70_ML2_.jpg,3.9 out of 5 stars
53,HP,,2.48,8.0,61490,4.0,512.0,4.0,16.1,4.2,32.0,https://amazon.in/HP-RX5500M-Graphics-Flicker-16-e0162AX/dp/B098QBT5KT/ref=sr_1_42?keywords=laptop&qid=1656489484&sr=8-42,https://images-eu.ssl-images-amazon.com/images/I/31PHkNlAXRS._SY300_SX300_QL70_ML2_.jpg,4.3 out of 5 stars
54,Lenovo,82FG01H9IN,1.6600000000000001,16.0,58990,,512.0,,15.6,4.2,,https://amazon.in/gp/slredirect/picassoRedirect.html/ref=pa_sp_mtf_aps_sr_pg3_1?ie=UTF8&adId=A02457181IASI12QTED2Y&url=%2FLenovo-IdeaPad-Fingerprint-Graphite-82FGO1H9IN%2Fdp%2FB09M423NVT%2Fref%3Dsr_1_43_sspa%3Fkeywords%3Dlaptop%26qid%3D1656489484%26sr%3D8-43-spons%26psc%3D1&qualifier=1656489484&id=4308160622482575&widgetName=sp_mtf,https://m.media-amazon.com/images/I/51c7JY+rpOL._SY300_SX300_.jpg,4.3 out of 5 stars
55,Redmi,XMA2101-BN,1.8,8.0,42990,,512.0,,17.79527559055118,3.1,8.0,https://amazon.in/gp/slredirect/picassoRedirect.html/ref=pa_sp_mtf_aps_sr_pg3_1?ie=UTF8&adId=A02744701J5I05YD09YCL&url=%2FRedmi-15-6-inch-Laptop-Windows-Charcoal%2Fdp%2FB09L53YH86%2Fref%3Dsr_1_44_sspa%3Fkeywords%3Dlaptop%26qid%3D1656489484%26sr%3D8-44-spons%26psc%3D1&qualifier=1656489484&id=4308160622482575&widgetName=sp_mtf,https://images-eu.ssl-images-amazon.com/images/I/41XFk1XYcgL._SX300_SY300_QL70_ML2_.jpg,3.9 out of 5 stars
56,HP,,1.75,8.0,45000,,512.0,4.0,15.6,3.7,16.0,https://amazon.in/HP-Anti-Glare-Graphics-Alexa-Built-15s-dy3501TU/dp/B09P1PYGX5/ref=sr_1_45?keywords=laptop&qid=1656489484&sr=8-45,https://images-eu.ssl-images-amazon.com/images/I/41lGAedXWpL._SX300_SY300_QL70_ML2_.jpg,4.3 out of 5 stars
57,Dell,,1.8,8.0,36490,,1024.0,,15.6,1.7,16.0,https://amazon.in/Dell-Inspiron-I3-1115G4-Office21-D560651Win9S/dp/B09PVD3CJY/ref=sr_1_46?keywords=laptop&qid=1656489484&sr=8-46,https://m.media-amazon.com/images/I/41O5X+hIaPL._SY300_SX300_.jpg,3.3 out of 5 stars
58,HP,,2.8,8.0,29696,,1024.0,,15.6,2.6,8.0,https://amazon.in/HP-3-3250U-Graphics-64Q84PA-ACJ/dp/B09RMQXSZT/ref=sr_1_47?keywords=laptop&qid=1656489484&sr=8-47,https://images-eu.ssl-images-amazon.com/images/I/41zST01y9kL._SY300_SX300_QL70_ML2_.jpg,3.8 out of 5 stars
59,Dell,,1.6099999999999999,8.0,33390,,,,,1.1,32.0,https://amazon.in/Dell-Inspiron-Pqc-N5030-Office21-D560756Win9Be/dp/B09TNX9B9F/ref=sr_1_48?keywords=laptop&qid=1656489484&sr=8-48,https://images-eu.ssl-images-amazon.com/images/I/41e6THlQznL._SX300_SY300_QL70_ML2_.jpg,4.2 out of 5 stars
60,Lenovo,,2.2,8.0,53490,4.0,,7.0,15.6,2.5,16.0,https://amazon.in/Lenovo-IdeaPad-15-6-inch-Windows-81Y4017UIN/dp/B094XF92HG/ref=sr_1_49?keywords=laptop&qid=1656489484&sr=8-49,https://images-eu.ssl-images-amazon.com/images/I/51hpsGSvHRL._SX300_SY300_QL70_ML2_.jpg,4.0 out of 5 stars
61,HP,,1.41,8.0,57890,4.0,512.0,4.0,14.015748031496063,4.5,16.0,https://amazon.in/HP-Pavilion-Micro-Edge-Graphics-14-dv1000TU/dp/B09KGQY5BS/ref=sr_1_50?keywords=laptop&qid=1656489484&sr=8-50,https://images-eu.ssl-images-amazon.com/images/I/41Xge2S2PWL._SX300_SY300_QL70_ML2_.jpg,4.1 out of 5 stars
62,MSI,9S7-16R612-853,1.8599999999999999,8.0,62990,4.0,,,15.748031496062993,4.5,64.0,https://amazon.in/MSI-i5-11400H-Windows-GTX1650-11SC-853IN/dp/B09YYJ19YQ/ref=sr_1_51?keywords=laptop&qid=1656489484&sr=8-51,https://images-eu.ssl-images-amazon.com/images/I/41dMpj85gfL._SX300_SY300_QL70_ML2_.jpg,
63,Acer,A514-54,1.45,8.0,51899,,2048.0,,14.0,4.2,20.0,https://amazon.in/Acer-14-inch-Laptop-Graphics-A514-54/dp/B09RF4YLCJ/ref=sr_1_52?keywords=laptop&qid=1656489484&sr=8-52,https://images-eu.ssl-images-amazon.com/images/I/41wagRMOCeL._SX300_SY300_QL70_ML2_.jpg,3.7 out of 5 stars
64,HP,14s-fq1092au,1.46,8.0,47154,8.0,512.0,,14.0,4.0,16.0,https://amazon.in/gp/slredirect/picassoRedirect.html/ref=pa_sp_btf_aps_sr_pg3_1?ie=UTF8&adId=A08324291BQ7ENQ9VMB94&url=%2FHP-Micro-Edge-Graphics-Keyboard-14s-fq1092au%2Fdp%2FB09R1L73TM%2Fref%3Dsr_1_53_sspa%3Fkeywords%3Dlaptop%26qid%3D1656489484%26sr%3D8-53-spons%26psc%3D1&qualifier=1656489484&id=4308160622482575&widgetName=sp_btf,https://images-eu.ssl-images-amazon.com/images/I/41qola4WFTL._SX300_SY300_QL70_ML2_.jpg,4.3 out of 5 stars
65,Lenovo,,1.65,8.0,52990,,,6.0,15.6,2.4,16.0,https://amazon.in/gp/slredirect/picassoRedirect.html/ref=pa_sp_btf_aps_sr_pg3_1?ie=UTF8&adId=A07025472Y6F8DRM313EI&url=%2FLenovo-IdeaPad-Windows-Warranty-82H802FHIN%2Fdp%2FB09Q5JGSX1%2Fref%3Dsr_1_54_sspa%3Fkeywords%3Dlaptop%26qid%3D1656489484%26sr%3D8-54-spons%26psc%3D1&qualifier=1656489484&id=4308160622482575&widgetName=sp_btf,https://images-eu.ssl-images-amazon.com/images/I/51tbcILVglL._SX300_SY300_QL70_ML2_.jpg,4.1 out of 5 stars
66,HP,14s-dy2506TU,1.46,8.0,38990,,,,14.015748031496063,3.7,16.0,https://amazon.in/gp/slredirect/picassoRedirect.html/ref=pa_sp_atf_next_aps_sr_pg4_1?ie=UTF8&adId=A0447151V9B07ZBYFE2A&url=%2FHP-Micro-Edge-Anti-Glare-Display-Graphics%2Fdp%2FB09MH9M5CV%2Fref%3Dsr_1_49_sspa%3Fkeywords%3Dlaptop%26qid%3D1656489487%26sr%3D8-49-spons%26psc%3D1&qualifier=1656489487&id=2050998651622695&widgetName=sp_atf_next,https://images-eu.ssl-images-amazon.com/images/I/51mDPrTCtgL._SX300_SY300_QL70_ML2_.jpg,4.2 out of 5 stars
67,Lenovo,,1.7,8.0,32990,,1024.0,7.0,15.6,4.1,12.0,https://amazon.in/gp/slredirect/picassoRedirect.html/ref=pa_sp_atf_next_aps_sr_pg4_1?ie=UTF8&adId=A016494738N1UBNN0M6MM&url=%2FLenovo-IdeaPad-Warranty-Platinum-81WB018YIN%2Fdp%2FB09Q92YBWG%2Fref%3Dsr_1_50_sspa%3Fkeywords%3Dlaptop%26qid%3D1656489487%26sr%3D8-50-spons%26psc%3D1&qualifier=1656489487&id=2050998651622695&widgetName=sp_atf_next,https://images-eu.ssl-images-amazon.com/images/I/41PnIUzyYML._SX300_SY300_QL70_ML2_.jpg,3.8 out of 5 stars
68,HP,,1.46,8.0,41990,,,,14.0,3.7,16.0,https://amazon.in/Micro-Edge-Keyboard-Graphics-Speakers-14S-Dq2606Tu/dp/B09V83L8H9/ref=sr_1_51?keywords=laptop&qid=1656489487&sr=8-51,https://images-eu.ssl-images-amazon.com/images/I/410cDRJZVvL._SX300_SY300_QL70_ML2_.jpg,4.2 out of 5 stars
69,Lenovo,,1.4,16.0,59990,,,6.0,14.0,2.4,40.0,https://amazon.in/Lenovo-ThinkBook-35-56cm-Graphics-20VDA0TLIH/dp/B09V4JXLJ7/ref=sr_1_52?keywords=laptop&qid=1656489487&sr=8-52,https://images-eu.ssl-images-amazon.com/images/I/51CgbCTiwlL._SY300_SX300_QL70_ML2_.jpg,3.9 out of 5 stars
70,Honor,,1.38,8.0,42990,,512.0,13.2,14.0,1.6,8.0,https://amazon.in/Honor-MagicBook-i5-10210U-Anti-Glare-NobleBR-WAH9E/dp/B09VPV1HCG/ref=sr_1_54?keywords=laptop&qid=1656489487&sr=8-54,https://images-eu.ssl-images-amazon.com/images/I/31tWQlYOcaL._SX300_SY300_QL70_ML2_.jpg,4.3 out of 5 stars
71,Redmi,XMA2101-BN,1.8,8.0,42990,,512.0,,17.79527559055118,3.1,8.0,https://amazon.in/Redmi-15-6-inch-Laptop-Windows-Charcoal/dp/B09L53YH86/ref=sr_1_55?keywords=laptop&qid=1656489487&sr=8-55,https://images-eu.ssl-images-amazon.com/images/I/41XFk1XYcgL._SX300_SY300_QL70_ML2_.jpg,3.9 out of 5 stars
72,HP,,2.48,8.0,61490,4.0,512.0,4.0,16.1,4.2,32.0,https://amazon.in/HP-RX5500M-Graphics-Flicker-16-e0162AX/dp/B098QBT5KT/ref=sr_1_56?keywords=laptop&qid=1656489487&sr=8-56,https://images-eu.ssl-images-amazon.com/images/I/31PHkNlAXRS._SY300_SX300_QL70_ML2_.jpg,4.3 out of 5 stars
73,HP,,1.69,8.0,36450,,,,,3.7,16.0,https://amazon.in/15S-11Th-Gen-Intel-Core-Micro-Edge/dp/B09S9YDLLJ/ref=sr_1_57?keywords=laptop&qid=1656489487&sr=8-57,https://images-eu.ssl-images-amazon.com/images/I/51cFZR0VpkL._SX300_SY300_QL70_ML2_.jpg,4.1 out of 5 stars
74,HP,,2.0,,15999,,64.0,,11.6,1.1,4.0,https://amazon.in/Renewed-HP-Stream-11-Pro/dp/B09XJC5MZ3/ref=sr_1_58?keywords=laptop&qid=1656489487&sr=8-58,https://images-eu.ssl-images-amazon.com/images/I/419VYmhd-VL._SY300_SX300_QL70_ML2_.jpg,
75,HP,Eq2143AU,1.69,8.0,37849,,512.0,,15.6,3.8,16.0,https://amazon.in/gp/slredirect/picassoRedirect.html/ref=pa_sp_mtf_aps_sr_pg4_1?ie=UTF8&adId=A06028451XZW3A719E10X&url=%2FMicro-Edge-Anti-Glare-Graphics-Speakers-15S-Eq2143Au%2Fdp%2FB09R1MMMTH%2Fref%3Dsr_1_59_sspa%3Fkeywords%3Dlaptop%26qid%3D1656489487%26sr%3D8-59-spons%26psc%3D1&qualifier=1656489487&id=2050998651622695&widgetName=sp_mtf,https://m.media-amazon.com/images/I/516+4J0tZlL._SY300_SX300_.jpg,3.7 out of 5 stars
76,Lenovo,82FG01H9IN,1.6600000000000001,16.0,58990,,512.0,,15.6,4.2,,https://amazon.in/gp/slredirect/picassoRedirect.html/ref=pa_sp_mtf_aps_sr_pg4_1?ie=UTF8&adId=A02457181IASI12QTED2Y&url=%2FLenovo-IdeaPad-Fingerprint-Graphite-82FGO1H9IN%2Fdp%2FB09M423NVT%2Fref%3Dsr_1_60_sspa%3Fkeywords%3Dlaptop%26qid%3D1656489487%26sr%3D8-60-spons%26psc%3D1&qualifier=1656489487&id=2050998651622695&widgetName=sp_mtf,https://m.media-amazon.com/images/I/51c7JY+rpOL._SY300_SX300_.jpg,4.3 out of 5 stars
77,HP,,1.75,8.0,45000,,512.0,4.0,15.6,3.7,16.0,https://amazon.in/HP-Anti-Glare-Graphics-Alexa-Built-15s-dy3501TU/dp/B09P1PYGX5/ref=sr_1_61?keywords=laptop&qid=1656489487&sr=8-61,https://images-eu.ssl-images-amazon.com/images/I/41lGAedXWpL._SX300_SY300_QL70_ML2_.jpg,4.3 out of 5 stars
78,Lenovo,,1.67,8.0,54500,8.0,1024.0,,14.0,2.6,,https://amazon.in/Lenovo-E495-Anti-Glare-Processor-Bluetooth/dp/B0821DCCDJ/ref=sr_1_62?keywords=laptop&qid=1656489487&sr=8-62,https://m.media-amazon.com/images/I/41JB3rU+f7L._SY300_SX300_.jpg,5.0 out of 5 stars
79,Dell,,1.8,8.0,36490,,1024.0,,15.6,1.7,16.0,https://amazon.in/Dell-Inspiron-I3-1115G4-Office21-D560651Win9S/dp/B09PVD3CJY/ref=sr_1_63?keywords=laptop&qid=1656489487&sr=8-63,https://m.media-amazon.com/images/I/41O5X+hIaPL._SY300_SX300_.jpg,3.3 out of 5 stars
80,HP,,2.8,8.0,29696,,1024.0,,15.6,2.6,8.0,https://amazon.in/HP-3-3250U-Graphics-64Q84PA-ACJ/dp/B09RMQXSZT/ref=sr_1_64?keywords=laptop&qid=1656489487&sr=8-64,https://images-eu.ssl-images-amazon.com/images/I/41zST01y9kL._SY300_SX300_QL70_ML2_.jpg,3.8 out of 5 stars
81,Dell,,1.6099999999999999,8.0,33390,,,,,1.1,32.0,https://amazon.in/Dell-Inspiron-Pqc-N5030-Office21-D560756Win9Be/dp/B09TNX9B9F/ref=sr_1_65?keywords=laptop&qid=1656489487&sr=8-65,https://images-eu.ssl-images-amazon.com/images/I/41e6THlQznL._SX300_SY300_QL70_ML2_.jpg,4.2 out of 5 stars
82,Lenovo,,2.2,8.0,53490,4.0,,7.0,15.6,2.5,16.0,https://amazon.in/Lenovo-IdeaPad-15-6-inch-Windows-81Y4017UIN/dp/B094XF92HG/ref=sr_1_66?keywords=laptop&qid=1656489487&sr=8-66,https://images-eu.ssl-images-amazon.com/images/I/51hpsGSvHRL._SX300_SY300_QL70_ML2_.jpg,4.0 out of 5 stars
83,HP,,1.41,8.0,57890,4.0,512.0,4.0,14.015748031496063,4.5,16.0,https://amazon.in/HP-Pavilion-Micro-Edge-Graphics-14-dv1000TU/dp/B09KGQY5BS/ref=sr_1_67?keywords=laptop&qid=1656489487&sr=8-67,https://images-eu.ssl-images-amazon.com/images/I/41Xge2S2PWL._SX300_SY300_QL70_ML2_.jpg,4.1 out of 5 stars
84,MSI,9S7-16R612-853,1.8599999999999999,8.0,62990,4.0,,,15.748031496062993,4.5,64.0,https://amazon.in/MSI-i5-11400H-Windows-GTX1650-11SC-853IN/dp/B09YYJ19YQ/ref=sr_1_68?keywords=laptop&qid=1656489487&sr=8-68,https://images-eu.ssl-images-amazon.com/images/I/41dMpj85gfL._SX300_SY300_QL70_ML2_.jpg,
85,HP,14s-fq1092au,1.46,8.0,47154,8.0,512.0,,14.0,4.0,16.0,https://amazon.in/gp/slredirect/picassoRedirect.html/ref=pa_sp_btf_aps_sr_pg4_1?ie=UTF8&adId=A08324291BQ7ENQ9VMB94&url=%2FHP-Micro-Edge-Graphics-Keyboard-14s-fq1092au%2Fdp%2FB09R1L73TM%2Fref%3Dsr_1_69_sspa%3Fkeywords%3Dlaptop%26qid%3D1656489487%26sr%3D8-69-spons%26psc%3D1&qualifier=1656489487&id=2050998651622695&widgetName=sp_btf,https://images-eu.ssl-images-amazon.com/images/I/41qola4WFTL._SX300_SY300_QL70_ML2_.jpg,4.3 out of 5 stars
86,Lenovo,,1.41,8.0,40490,,,7.5,14.0,4.1,12.0,https://amazon.in/gp/slredirect/picassoRedirect.html/ref=pa_sp_btf_aps_sr_pg4_1?ie=UTF8&adId=A0164547NTC2WO0KFOTC&url=%2FLenovo-IdeaPad-Windows-Warranty-82H701DMIN%2Fdp%2FB09Y5VD8N7%2Fref%3Dsr_1_70_sspa%3Fkeywords%3Dlaptop%26qid%3D1656489487%26sr%3D8-70-spons%26psc%3D1&qualifier=1656489487&id=2050998651622695&widgetName=sp_btf,https://images-eu.ssl-images-amazon.com/images/I/51No3qYfAYL._SX300_SY300_QL70_ML2_.jpg,4.1 out of 5 stars
87,Lenovo,,1.65,8.0,38480,,512.0,6.0,15.6,3.0,12.0,https://amazon.in/gp/slredirect/picassoRedirect.html/ref=pa_sp_atf_next_aps_sr_pg5_1?ie=UTF8&adId=A01647353NEETOWYOLQZF&qualifier=1656489490&id=872359012157821&widgetName=sp_atf_next&url=%2FLenovo-IdeaPad-Windows-Warranty-82H802FJIN%2Fdp%2FB09Q5QLHSQ%2Fref%3Dsr_1_65_sspa%3Fkeywords%3Dlaptop%26qid%3D1656489490%26sr%3D8-65-spons%26psc%3D1,https://images-eu.ssl-images-amazon.com/images/I/51tbcILVglL._SX300_SY300_QL70_ML2_.jpg,4.1 out of 5 stars
88,HP,14s-dy2506TU,1.46,8.0,38990,,,,14.015748031496063,3.7,16.0,https://amazon.in/gp/slredirect/picassoRedirect.html/ref=pa_sp_atf_next_aps_sr_pg5_1?ie=UTF8&adId=A0447151V9B07ZBYFE2A&qualifier=1656489490&id=872359012157821&widgetName=sp_atf_next&url=%2FHP-Micro-Edge-Anti-Glare-Display-Graphics%2Fdp%2FB09MH9M5CV%2Fref%3Dsr_1_66_sspa%3Fkeywords%3Dlaptop%26qid%3D1656489490%26sr%3D8-66-spons%26psc%3D1,https://images-eu.ssl-images-amazon.com/images/I/51mDPrTCtgL._SX300_SY300_QL70_ML2_.jpg,4.2 out of 5 stars
89,Acer,,1.9,4.0,27990,,256.0,6.0,15.6,3.1,8.0,https://amazon.in/Acer-Extensa-Processor-Business-EX215-31/dp/B09LLQ1WL2/ref=sr_1_67?keywords=laptop&qid=1656489490&sr=8-67,https://m.media-amazon.com/images/I/41x+tsdSpzL._SY300_SX300_.jpg,1.2 out of 5 stars
90,Dell,,1.8,8.0,39490,,256.0,4.0,15.6,2.6,16.0,https://amazon.in/Dell-Inspiron-3515-39-62Cms-D560707WIN9S/dp/B09NLQM2QV/ref=sr_1_68?keywords=laptop&qid=1656489490&sr=8-68,https://images-eu.ssl-images-amazon.com/images/I/41yOg1ZhbuL._SX300_SY300_QL70_ML2_.jpg,3.7 out of 5 stars
91,Acer,,1.9,4.0,24990,4.0,256.0,8.0,14.0,1.2,12.0,https://amazon.in/Acer-Aspire-Processor-Windows-A314-22/dp/B09STC528R/ref=sr_1_69?keywords=laptop&qid=1656489490&sr=8-69,https://images-eu.ssl-images-amazon.com/images/I/41TqYg8R2cL._SX300_SY300_QL70_ML2_.jpg,3.8 out of 5 stars
92,Dell,,1.8,8.0,49650,,512.0,4.0,15.6,2.1,16.0,https://amazon.in/Dell-Office21-Graphics-3515-D560704WIN9S/dp/B09NLSTF5Z/ref=sr_1_70?keywords=laptop&qid=1656489490&sr=8-70,https://images-eu.ssl-images-amazon.com/images/I/41aRp1wfzAL._SX300_SY300_QL70_ML2_.jpg,4.0 out of 5 stars
93,HP,,1.46,8.0,31849,,256.0,4.0,,3.3,8.0,https://amazon.in/14S-Intel-Micro-Edge-Graphics-Speakers-Dq3033Tu/dp/B09S9PL2BS/ref=sr_1_71?keywords=laptop&qid=1656489490&sr=8-71,https://images-eu.ssl-images-amazon.com/images/I/514Ulgbj9iL._SX300_SY300_QL70_ML2_.jpg,3.4 out of 5 stars
94,HP,14s-dr2016tu,1.69,8.0,56100,,512.0,,14.0,4.2,16.0,https://amazon.in/HP-Processor-Windows-Graphics-14s-dr2016tu/dp/B092MS22P1/ref=sr_1_72?keywords=laptop&qid=1656489490&sr=8-72,https://images-eu.ssl-images-amazon.com/images/I/41ewlc1t3OL._SY300_SX300_QL70_ML2_.jpg,4.2 out of 5 stars
95,Lenovo,,1.2,4.0,27999,,,7.0,11.6,1.1,4.0,https://amazon.in/Lenovo-IdeaPad-Celeron-Platinum-81VT0071IN/dp/B09G9ZPV38/ref=sr_1_73?keywords=laptop&qid=1656489490&sr=8-73,https://m.media-amazon.com/images/I/41F52ef+pdL._SX300_SY300_.jpg,4.0 out of 5 stars
96,Lenovo,,1.75,8.0,24999,,256.0,1.5,14.0,2.3,8.0,https://amazon.in/Renewed-Lenovo-Thinkpad-Bluetooth-Graphics/dp/B0B3JDJ8CF/ref=sr_1_74?keywords=laptop&qid=1656489490&sr=8-74,https://images-eu.ssl-images-amazon.com/images/I/51rJ27NQqAL._SX300_SY300_QL70_ML2_.jpg,
97,Lenovo,,1.7,8.0,32990,,1024.0,7.0,15.6,4.1,12.0,https://amazon.in/gp/slredirect/picassoRedirect.html/ref=pa_sp_mtf_aps_sr_pg5_1?ie=UTF8&adId=A016494738N1UBNN0M6MM&qualifier=1656489490&id=872359012157821&widgetName=sp_mtf&url=%2FLenovo-IdeaPad-Warranty-Platinum-81WB018YIN%2Fdp%2FB09Q92YBWG%2Fref%3Dsr_1_75_sspa%3Fkeywords%3Dlaptop%26qid%3D1656489490%26sr%3D8-75-spons%26psc%3D1,https://images-eu.ssl-images-amazon.com/images/I/41PnIUzyYML._SX300_SY300_QL70_ML2_.jpg,3.8 out of 5 stars
98,Lenovo,,1.41,8.0,40490,,,7.5,14.0,4.1,12.0,https://amazon.in/gp/slredirect/picassoRedirect.html/ref=pa_sp_mtf_aps_sr_pg5_1?ie=UTF8&adId=A0164547NTC2WO0KFOTC&qualifier=1656489490&id=872359012157821&widgetName=sp_mtf&url=%2FLenovo-IdeaPad-Windows-Warranty-82H701DMIN%2Fdp%2FB09Y5VD8N7%2Fref%3Dsr_1_76_sspa%3Fkeywords%3Dlaptop%26qid%3D1656489490%26sr%3D8-76-spons%26psc%3D1,https://images-eu.ssl-images-amazon.com/images/I/51No3qYfAYL._SX300_SY300_QL70_ML2_.jpg,4.1 out of 5 stars
0,Dell,,3.6,4.0,21999,,250.0,1.5,14.0,,8.0,https://amazon.in/REFURBISHED-Dell-E6420-Discontinued-Manufacturer/dp/B07HR5Z6Y1/ref=sr_1_77?keywords=laptop&qid=1656489490&sr=8-77,https://images-eu.ssl-images-amazon.com/images/I/41rlyvlYflL._SX300_SY300_QL70_ML2_.jpg,3.0 out of 5 stars
1,HP,,1.75,16.0,67000,,512.0,4.0,15.6,4.2,16.0,https://amazon.in/HP-Pavilion-Anti-Glare-Fingerprint-15-eh1108AU/dp/B09HV3WT9J/ref=sr_1_78?keywords=laptop&qid=1656489490&sr=8-78,https://images-eu.ssl-images-amazon.com/images/I/41R2RA5Pq7L._SX300_SY300_QL70_ML2_.jpg,4.5 out of 5 stars
2,HP,,1.75,8.0,55490,4.0,,,15.6,4.3,16.0,https://amazon.in/Pavilion-5-5625U-Micro-Edge-Graphics-15-Eh2018Au/dp/B09V1F51SF/ref=sr_1_79?keywords=laptop&qid=1656489490&sr=8-79,https://images-eu.ssl-images-amazon.com/images/I/41KWqUTiKLL._SX300_SY300_QL70_ML2_.jpg,4.4 out of 5 stars
3,Dell,,1.46,8.0,57400,,512.0,4.0,14.0,1.4,32.0,https://amazon.in/Dell-Inspiron-Keyboard-Platinum-C782502WIN8/dp/B09HS91B1V/ref=sr_1_80?keywords=laptop&qid=1656489490&sr=8-80,https://images-eu.ssl-images-amazon.com/images/I/41PwNDrejdL._SY300_SX300_QL70_ML2_.jpg,4.3 out of 5 stars
4,Lenovo,,1.65,8.0,38850,,512.0,7.5,15.6,3.0,12.0,https://amazon.in/Lenovo-IdeaPad-39-62cm-Warranty-82H801FKIN/dp/B09C5XN8X7/ref=sr_1_81?keywords=laptop&qid=1656489490&sr=8-81,https://images-eu.ssl-images-amazon.com/images/I/51tbcILVglL._SX300_SY300_QL70_ML2_.jpg,4.3 out of 5 stars
5,ASUS,X415KA-BV121WS,1.5,8.0,31490,8.0,256.0,,15.984251968503937,3.3,8.0,https://amazon.in/ASUS-VivoBook-Integrated-Graphics-X415KA-BV121WS/dp/B09RQL2S5F/ref=sr_1_82?keywords=laptop&qid=1656489490&sr=8-82,https://images-eu.ssl-images-amazon.com/images/I/41DHBo5r6hL._SX300_SY300_QL70_ML2_.jpg,4.1 out of 5 stars
6,Dell,,2.0,4.0,23044,,500.0,,13.3,2.9,4.0,https://amazon.in/Renewed-Dell-Latitude-Hybrid-Laptop/dp/B09YS4FYQ6/ref=sr_1_83?keywords=laptop&qid=1656489490&sr=8-83,https://images-eu.ssl-images-amazon.com/images/I/41v5opYG0PL._SX300_SY300_QL70_ML2_.jpg,5.0 out of 5 stars
7,HP,14-dv1002TU,1.41,16.0,66150,,512.0,,14.015748031496063,4.5,16.0,https://amazon.in/HP-Pavilion-Micro-Edge-Anti-Glare-14-dv1002TU/dp/B09KGNKHN8/ref=sr_1_84?keywords=laptop&qid=1656489490&sr=8-84,https://images-eu.ssl-images-amazon.com/images/I/51sAgKGhE5S._SX300_SY300_QL70_ML2_.jpg,4.3 out of 5 stars
8,HP,Eq2143AU,1.69,8.0,37849,,512.0,,15.6,3.8,16.0,https://amazon.in/gp/slredirect/picassoRedirect.html/ref=pa_sp_btf_aps_sr_pg5_1?ie=UTF8&adId=A06028451XZW3A719E10X&qualifier=1656489490&id=872359012157821&widgetName=sp_btf&url=%2FMicro-Edge-Anti-Glare-Graphics-Speakers-15S-Eq2143Au%2Fdp%2FB09R1MMMTH%2Fref%3Dsr_1_85_sspa%3Fkeywords%3Dlaptop%26qid%3D1656489490%26sr%3D8-85-spons%26psc%3D1,https://m.media-amazon.com/images/I/516+4J0tZlL._SY300_SX300_.jpg,3.7 out of 5 stars
9,Lenovo,,1.2,4.0,23890,,,8.0,11.6,2.8,4.0,https://amazon.in/gp/slredirect/picassoRedirect.html/ref=pa_sp_btf_aps_sr_pg5_1?ie=UTF8&adId=A0165471KW0SE1EV22VA&qualifier=1656489490&id=872359012157821&widgetName=sp_btf&url=%2FLenovo-IdeaPad-Celeron-Platinum-81VT009UIN%2Fdp%2FB09V7ZJYBN%2Fref%3Dsr_1_86_sspa%3Fkeywords%3Dlaptop%26qid%3D1656489490%26sr%3D8-86-spons%26psc%3D1,https://m.media-amazon.com/images/I/41F52ef+pdL._SX300_SY300_.jpg,3.8 out of 5 stars
10,Lenovo,,1.65,8.0,38480,,512.0,6.0,15.6,3.0,12.0,https://amazon.in/gp/slredirect/picassoRedirect.html/ref=pa_sp_atf_next_aps_sr_pg6_1?ie=UTF8&adId=A01647353NEETOWYOLQZF&url=%2FLenovo-IdeaPad-Windows-Warranty-82H802FJIN%2Fdp%2FB09Q5QLHSQ%2Fref%3Dsr_1_81_sspa%3Fkeywords%3Dlaptop%26qid%3D1656489493%26sr%3D8-81-spons%26psc%3D1&qualifier=1656489493&id=3173950451262588&widgetName=sp_atf_next,https://images-eu.ssl-images-amazon.com/images/I/51tbcILVglL._SX300_SY300_QL70_ML2_.jpg,4.1 out of 5 stars
11,HP,14s-dy2506TU,1.46,8.0,38990,,,,14.015748031496063,3.7,16.0,https://amazon.in/gp/slredirect/picassoRedirect.html/ref=pa_sp_atf_next_aps_sr_pg6_1?ie=UTF8&adId=A0447151V9B07ZBYFE2A&url=%2FHP-Micro-Edge-Anti-Glare-Display-Graphics%2Fdp%2FB09MH9M5CV%2Fref%3Dsr_1_82_sspa%3Fkeywords%3Dlaptop%26qid%3D1656489493%26sr%3D8-82-spons%26psc%3D1&qualifier=1656489493&id=3173950451262588&widgetName=sp_atf_next,https://images-eu.ssl-images-amazon.com/images/I/51mDPrTCtgL._SX300_SY300_QL70_ML2_.jpg,4.2 out of 5 stars
12,HP,,2.1,8.0,38990,,512.0,5.0,15.6,3.0,8.0,https://amazon.in/HP-i3-1115G4-Windows-Graphics-42V68PA/dp/B096G1V3RC/ref=sr_1_83?keywords=laptop&qid=1656489493&sr=8-83,https://images-eu.ssl-images-amazon.com/images/I/411Zf9v-U3S._SY300_SX300_QL70_ML2_.jpg,4.0 out of 5 stars
13,Lenovo,,1.69,8.0,57990,,,,14.0,2.1,24.0,https://amazon.in/Lenovo-ThinkPad-Windows-Graphics-20Y7S07600/dp/B0B2DJ1RQ5/ref=sr_1_84?keywords=laptop&qid=1656489493&sr=8-84,https://images-eu.ssl-images-amazon.com/images/I/41of8y7sdiL._SY300_SX300_QL70_ML2_.jpg,4.3 out of 5 stars
14,Lenovo,,1.4,4.0,22990,,64.0,10.0,14.0,2.8,4.0,https://amazon.in/Lenovo-IdeaPad-Chromebook-Platinum-82C1002EHA/dp/B09LVP7KZG/ref=sr_1_85?keywords=laptop&qid=1656489493&sr=8-85,https://images-eu.ssl-images-amazon.com/images/I/510BwnJrICL._SY300_SX300_QL70_ML2_.jpg,3.1 out of 5 stars
15,ASUS,X415JA-EK701WS,1.6,16.0,55499,,512.0,,15.984251968503937,3.9,16.0,https://amazon.in/ASUS-VivoBook-i7-1065G7-Integrated-X415JA-EK701WS/dp/B09LJ4VLHH/ref=sr_1_86?keywords=laptop&qid=1656489493&sr=8-86,https://images-eu.ssl-images-amazon.com/images/I/41DHBo5r6hL._SX300_SY300_QL70_ML2_.jpg,4.3 out of 5 stars
16,Dell,,1.8,8.0,43990,,,,,2.1,32.0,https://amazon.in/Dell-Inspiron-Graphics-39-62Cms-D560790Win9Be/dp/B09TNY95RK/ref=sr_1_87?keywords=laptop&qid=1656489493&sr=8-87,https://images-eu.ssl-images-amazon.com/images/I/41wRc3Qcm9L._SX300_SY300_QL70_ML2_.jpg,3.8 out of 5 stars
17,AVITA,,1.3,4.0,21749,4.0,128.0,8.0,14.1,2.8,4.0,https://amazon.in/AVITA-SATUS-S111-NU14A1INC43PN-MB-35-81cms/dp/B09V73PJB8/ref=sr_1_88?keywords=laptop&qid=1656489493&sr=8-88,https://images-eu.ssl-images-amazon.com/images/I/41ag3BjQ0AL._SX300_SY300_QL70_ML2_.jpg,3.7 out of 5 stars
18,Lenovo,,1.7,8.0,35000,,1024.0,9.0,15.6,4.1,12.0,https://amazon.in/Lenovo-IdeaPad-Warranty-Platinum-81WB01BCIN/dp/B09MKMT64V/ref=sr_1_89?keywords=laptop&qid=1656489493&sr=8-89,https://images-eu.ssl-images-amazon.com/images/I/41PnIUzyYML._SX300_SY300_QL70_ML2_.jpg,3.8 out of 5 stars
19,ASUS,,1.7,8.0,57990,,512.0,8.0,17.79527559055118,4.4,24.0,https://amazon.in/ASUS-Vivobook-Intel-Core-i5-1240P-Graphics-X1502ZA-EJ502WS/dp/B09YHCP9D4/ref=sr_1_90?keywords=laptop&qid=1656489493&sr=8-90,https://images-eu.ssl-images-amazon.com/images/I/41XpzEWOBfL._SX300_SY300_QL70_ML2_.jpg,4.5 out of 5 stars
20,Lenovo,,1.7,8.0,32990,,1024.0,7.0,15.6,4.1,12.0,https://amazon.in/gp/slredirect/picassoRedirect.html/ref=pa_sp_mtf_aps_sr_pg6_1?ie=UTF8&adId=A016494738N1UBNN0M6MM&url=%2FLenovo-IdeaPad-Warranty-Platinum-81WB018YIN%2Fdp%2FB09Q92YBWG%2Fref%3Dsr_1_91_sspa%3Fkeywords%3Dlaptop%26qid%3D1656489493%26sr%3D8-91-spons%26psc%3D1&qualifier=1656489493&id=3173950451262588&widgetName=sp_mtf,https://images-na.ssl-images-amazon.com/images/I/41PnIUzyYML._SX300_SY300_QL70_ML2_.jpg,3.8 out of 5 stars
21,Lenovo,,1.41,8.0,40490,,,7.5,14.0,4.1,12.0,https://amazon.in/gp/slredirect/picassoRedirect.html/ref=pa_sp_mtf_aps_sr_pg6_1?ie=UTF8&adId=A0164547NTC2WO0KFOTC&url=%2FLenovo-IdeaPad-Windows-Warranty-82H701DMIN%2Fdp%2FB09Y5VD8N7%2Fref%3Dsr_1_92_sspa%3Fkeywords%3Dlaptop%26qid%3D1656489493%26sr%3D8-92-spons%26psc%3D1&qualifier=1656489493&id=3173950451262588&widgetName=sp_mtf,https://images-eu.ssl-images-amazon.com/images/I/51No3qYfAYL._SX300_SY300_QL70_ML2_.jpg,4.1 out of 5 stars
22,Lenovo,,1.5,8.0,35490,,256.0,8.5,15.984251968503937,4.1,12.0,https://amazon.in/Lenovo-IdeaPad-Warranty-Platinum-81X700CWIN/dp/B09MM5TSJ7/ref=sr_1_93?keywords=laptop&qid=1656489493&sr=8-93,https://images-eu.ssl-images-amazon.com/images/I/41NvMZxjbKL._SX300_SY300_QL70_ML2_.jpg,4.2 out of 5 stars
23,Lenovo,81WB014SIN,1.7,8.0,47490,,,,15.6,4.2,12.0,https://amazon.in/Lenovo-IdeaPad-Warranty-Platinum-81WB014SIN/dp/B09XGZK53H/ref=sr_1_94?keywords=laptop&qid=1656489493&sr=8-94,https://images-eu.ssl-images-amazon.com/images/I/41PnIUzyYML._SX300_SY300_QL70_ML2_.jpg,4.1 out of 5 stars
24,Lenovo,81WB018EIN,1.7,8.0,35700,,256.0,,15.6,4.1,12.0,https://amazon.in/Lenovo-IdeaPad-Graphics-Platinum-81WB018EIN/dp/B09M41LYSC/ref=sr_1_95?keywords=laptop&qid=1656489493&sr=8-95,https://images-eu.ssl-images-amazon.com/images/I/41PnIUzyYML._SX300_SY300_QL70_ML2_.jpg,3.8 out of 5 stars
25,HP,,1.52,16.0,84990,,,,14.0,1.3,16.0,https://amazon.in/Pavilion-Multitouch-Windows-Graphics-14-Dy1047Tu/dp/B09VQ21TW4/ref=sr_1_96?keywords=laptop&qid=1656489493&sr=8-96,https://images-eu.ssl-images-amazon.com/images/I/41bGmMz-crL._SX300_SY300_QL70_ML2_.jpg,3.9 out of 5 stars
26,Lenovo,,1.65,8.0,52010,,512.0,5.5,15.6,4.2,16.0,https://amazon.in/Lenovo-IdeaPad-Keyboard-Warranty-82H801L6IN/dp/B09TK776Y9/ref=sr_1_97?keywords=laptop&qid=1656489493&sr=8-97,https://images-eu.ssl-images-amazon.com/images/I/51tbcILVglL._SX300_SY300_QL70_ML2_.jpg,4.1 out of 5 stars
27,HP,,1.69,8.0,57390,,512.0,,15.6,4.4,16.0,https://amazon.in/HP-IntelCore-Anti-Glare-Micro-Edge-15s-fq5009TU/dp/B0B1M9V5KT/ref=sr_1_98?keywords=laptop&qid=1656489493&sr=8-98,https://images-eu.ssl-images-amazon.com/images/I/41Au3nhV4DL._SX300_SY300_QL70_ML2_.jpg,5.0 out of 5 stars
28,Lenovo,,1.75,8.0,24999,,500.0,1.5,14.0,2.3,8.0,https://amazon.in/Renewed-Lenovo-Thinkpad-Bluetooth-Graphics/dp/B0B3JHR3Y7/ref=sr_1_99?keywords=laptop&qid=1656489493&sr=8-99,https://images-eu.ssl-images-amazon.com/images/I/51rJ27NQqAL._SX300_SY300_QL70_ML2_.jpg,
29,ASUS,,1.6,4.0,29980,,1024.0,4.0,14.1,2.1,20.0,https://amazon.in/ASUS-VivoBook-i3-10110U-Integrated-X409FA-EK617T/dp/B09C8RD7BM/ref=sr_1_100?keywords=laptop&qid=1656489493&sr=8-100,https://images-eu.ssl-images-amazon.com/images/I/41cUaE8pAzL._SX300_SY300_QL70_ML2_.jpg,3.0 out of 5 stars
30,HP,Eq2143AU,1.69,8.0,37849,,512.0,,15.6,3.8,16.0,https://amazon.in/gp/slredirect/picassoRedirect.html/ref=pa_sp_btf_aps_sr_pg6_1?ie=UTF8&adId=A06028451XZW3A719E10X&url=%2FMicro-Edge-Anti-Glare-Graphics-Speakers-15S-Eq2143Au%2Fdp%2FB09R1MMMTH%2Fref%3Dsr_1_101_sspa%3Fkeywords%3Dlaptop%26qid%3D1656489493%26sr%3D8-101-spons%26psc%3D1&qualifier=1656489493&id=3173950451262588&widgetName=sp_btf,https://m.media-amazon.com/images/I/516+4J0tZlL._SY300_SX300_.jpg,3.7 out of 5 stars
31,Lenovo,,1.2,4.0,23890,,,8.0,11.6,2.8,4.0,https://amazon.in/gp/slredirect/picassoRedirect.html/ref=pa_sp_btf_aps_sr_pg6_1?ie=UTF8&adId=A0165471KW0SE1EV22VA&url=%2FLenovo-IdeaPad-Celeron-Platinum-81VT009UIN%2Fdp%2FB09V7ZJYBN%2Fref%3Dsr_1_102_sspa%3Fkeywords%3Dlaptop%26qid%3D1656489493%26sr%3D8-102-spons%26psc%3D1&qualifier=1656489493&id=3173950451262588&widgetName=sp_btf,https://m.media-amazon.com/images/I/41F52ef+pdL._SX300_SY300_.jpg,3.8 out of 5 stars
32,HP,,1.7,8.0,49999,16.0,32.0,,,4.5,16.0,https://amazon.in/gp/slredirect/picassoRedirect.html/ref=pa_sp_atf_next_aps_sr_pg7_1?ie=UTF8&adId=A06032011H25AVS0V1DHQ&url=%2FMicro-Edge-Display-Graphics-Speakers-Fq4022Tu%2Fdp%2FB09SB75LYS%2Fref%3Dsr_1_97_sspa%3Fkeywords%3Dlaptop%26qid%3D1656489495%26sr%3D8-97-spons%26psc%3D1&qualifier=1656489495&id=2961859091220469&widgetName=sp_atf_next,https://images-eu.ssl-images-amazon.com/images/I/51cFZR0VpkL._SX300_SY300_QL70_ML2_.jpg,4.1 out of 5 stars
33,Redmi,XMA2101-BN,1.8,8.0,42990,,512.0,,17.79527559055118,3.1,8.0,https://amazon.in/gp/slredirect/picassoRedirect.html/ref=pa_sp_atf_next_aps_sr_pg7_1?ie=UTF8&adId=A02744701J5I05YD09YCL&url=%2FRedmi-15-6-inch-Laptop-Windows-Charcoal%2Fdp%2FB09L53YH86%2Fref%3Dsr_1_98_sspa%3Fkeywords%3Dlaptop%26qid%3D1656489495%26sr%3D8-98-spons%26psc%3D1&qualifier=1656489495&id=2961859091220469&widgetName=sp_atf_next,https://images-eu.ssl-images-amazon.com/images/I/41XFk1XYcgL._SX300_SY300_QL70_ML2_.jpg,3.9 out of 5 stars
34,HP,,1.75,16.0,67000,,512.0,4.0,15.6,4.2,16.0,https://amazon.in/HP-Pavilion-Anti-Glare-Fingerprint-15-eh1108AU/dp/B09HV3WT9J/ref=sr_1_99?keywords=laptop&qid=1656489495&sr=8-99,https://images-eu.ssl-images-amazon.com/images/I/41R2RA5Pq7L._SX300_SY300_QL70_ML2_.jpg,4.5 out of 5 stars
35,ASUS,,1.6,8.0,34118,8.0,256.0,6.0,15.984251968503937,3.4,12.0,https://amazon.in/ASUS-VivoBook-i3-1005G1-Integrated-X415JA-BV311WS/dp/B09RQKJXNW/ref=sr_1_100?keywords=laptop&qid=1656489495&sr=8-100,https://images-eu.ssl-images-amazon.com/images/I/41H42FebSmL._SX300_SY300_QL70_ML2_.jpg,4.7 out of 5 stars
36,ASUS,FA506IHRB-HN079W,2.3,,59990,8.0,512.0,,17.79527559055118,4.0,32.0,https://amazon.in/ASUS-15-6-inch-GeForce-GTX-Windows-FA506IHRB-HN079W/dp/B09ZXPNJYQ/ref=sr_1_101?keywords=laptop&qid=1656489495&sr=8-101,https://images-eu.ssl-images-amazon.com/images/I/41LDfnScXZS._SX300_SY300_QL70_ML2_.jpg,2.9 out of 5 stars
37,Lenovo,,2.3,8.0,60889,4.0,1024.0,6.8,15.6,3.0,16.0,https://amazon.in/Lenovo-Windows-Graphics-Phantom-82B500BHIN/dp/B08GG8WCW7/ref=sr_1_102?keywords=laptop&qid=1656489495&sr=8-102,https://images-eu.ssl-images-amazon.com/images/I/5174QzS5xDL._SX300_SY300_QL70_ML2_.jpg,4.5 out of 5 stars
38,ASUS,X415EA-EB572TS,1.6,8.0,48890,,1024.0,,15.984251968503937,4.2,12.0,https://amazon.in/ASUS-VivoBook-i5-1135G7-Integrated-X415EA-EB572TS/dp/B09BF65Z1V/ref=sr_1_103?keywords=laptop&qid=1656489495&sr=8-103,https://images-eu.ssl-images-amazon.com/images/I/41DHBo5r6hL._SX300_SY300_QL70_ML2_.jpg,4.1 out of 5 stars
39,HP,,1.75,8.0,54999,4.0,512.0,6.0,15.6,4.0,16.0,https://amazon.in/HP-Pavilion-Micro-Edge-Anti-Glare-15-eh1101AU/dp/B09DGCZXQB/ref=sr_1_104?keywords=laptop&qid=1656489495&smid=A2JRT5V3UPLILP&sr=8-104,https://images-eu.ssl-images-amazon.com/images/I/41q8qusoglL._SX300_SY300_QL70_ML2_.jpg,4.4 out of 5 stars
40,ASUS,X415KA-BV121WS,1.5,8.0,31490,8.0,256.0,,15.984251968503937,3.3,8.0,https://amazon.in/ASUS-VivoBook-Integrated-Graphics-X415KA-BV121WS/dp/B09RQL2S5F/ref=sr_1_105?keywords=laptop&qid=1656489495&sr=8-105,https://images-eu.ssl-images-amazon.com/images/I/41DHBo5r6hL._SX300_SY300_QL70_ML2_.jpg,4.1 out of 5 stars
41,Dell,,2.0,4.0,23044,,500.0,,13.3,2.9,4.0,https://amazon.in/Renewed-Dell-Latitude-Hybrid-Laptop/dp/B09YS4FYQ6/ref=sr_1_106?keywords=laptop&qid=1656489495&sr=8-106,https://images-eu.ssl-images-amazon.com/images/I/41v5opYG0PL._SX300_SY300_QL70_ML2_.jpg,5.0 out of 5 stars
42,HP,14s-dy2506TU,1.46,8.0,38990,,,,14.015748031496063,3.7,16.0,https://amazon.in/gp/slredirect/picassoRedirect.html/ref=pa_sp_mtf_aps_sr_pg7_1?ie=UTF8&adId=A0447151V9B07ZBYFE2A&url=%2FHP-Micro-Edge-Anti-Glare-Display-Graphics%2Fdp%2FB09MH9M5CV%2Fref%3Dsr_1_107_sspa%3Fkeywords%3Dlaptop%26qid%3D1656489495%26sr%3D8-107-spons%26psc%3D1&qualifier=1656489495&id=2961859091220469&widgetName=sp_mtf,https://images-eu.ssl-images-amazon.com/images/I/51mDPrTCtgL._SX300_SY300_QL70_ML2_.jpg,4.2 out of 5 stars
43,MSI,Modern 14 B10MW-639IN,1.3,8.0,43990,,512.0,,14.0,4.2,32.0,https://amazon.in/gp/slredirect/picassoRedirect.html/ref=pa_sp_mtf_aps_sr_pg7_1?ie=UTF8&adId=A08278461IPNMSCOQHVPG&url=%2FMSI-Modern-14-i5-10210U-B10MW-639IN%2Fdp%2FB09NDTFY68%2Fref%3Dsr_1_108_sspa%3Fkeywords%3Dlaptop%26qid%3D1656489495%26sr%3D8-108-spons%26psc%3D1&qualifier=1656489495&id=2961859091220469&widgetName=sp_mtf,https://images-eu.ssl-images-amazon.com/images/I/31N278RUfxL._SX300_SY300_QL70_ML2_.jpg,4.2 out of 5 stars
44,HP,14-dv1002TU,1.41,16.0,66150,,512.0,,14.015748031496063,4.5,16.0,https://amazon.in/HP-Pavilion-Micro-Edge-Anti-Glare-14-dv1002TU/dp/B09KGNKHN8/ref=sr_1_109?keywords=laptop&qid=1656489495&sr=8-109,https://images-eu.ssl-images-amazon.com/images/I/51sAgKGhE5S._SX300_SY300_QL70_ML2_.jpg,4.3 out of 5 stars
45,HP,,1.05,4.0,21490,,64.0,4.0,11.6,2.0,4.0,https://amazon.in/HP-Chromebook-MediaTek-Touchscreen-11a-na0006MU/dp/B09GKP26SV/ref=sr_1_110?keywords=laptop&qid=1656489495&sr=8-110,https://images-eu.ssl-images-amazon.com/images/I/41S6EU3gkpL._SX300_SY300_QL70_ML2_.jpg,3.7 out of 5 stars
46,Dell,,1.8,8.0,41300,,,,15.0,1.2,32.0,https://amazon.in/Dell-i3-1005G1-Office21-39-62Cms-ICC-D585017WIN8/dp/B09VH22CPB/ref=sr_1_111?keywords=laptop&qid=1656489495&sr=8-111,https://images-eu.ssl-images-amazon.com/images/I/418k5GE06KL._SX300_SY300_QL70_ML2_.jpg,5.0 out of 5 stars
47,ASUS,,1.8,16.0,74990,,512.0,10.0,17.79527559055118,4.5,24.0,https://amazon.in/ASUS-Vivobook-Intel-Core-Evo-i5-12500H-K3502ZA-L502WS/dp/B09YHCTHDY/ref=sr_1_112?keywords=laptop&qid=1656489495&sr=8-112,https://images-eu.ssl-images-amazon.com/images/I/41FnnZAIDOL._SX300_SY300_QL70_ML2_.jpg,4.0 out of 5 stars
48,MSI,,2.25,,75890,4.0,512.0,4.0,15.748031496062993,4.5,64.0,https://amazon.in/MSI-Katana-GF66-i5-11400H-11UD-876IN/dp/B09WN4SRWV/ref=sr_1_113?keywords=laptop&qid=1656489495&sr=8-113,https://images-eu.ssl-images-amazon.com/images/I/41oSXXno98L._SX300_SY300_QL70_ML2_.jpg,4.4 out of 5 stars
49,HP,HP 245 G8,1.7,4.0,32490,,1024.0,,16.968503937007874,2.1,16.0,https://amazon.in/HP-245-G8-AMD-Ryzen/dp/B092HMYLLN/ref=sr_1_114?keywords=laptop&qid=1656489495&sr=8-114,https://images-eu.ssl-images-amazon.com/images/I/3192ObJ8rZL._SY300_SX300_QL70_ML2_.jpg,3.2 out of 5 stars
50,Lenovo,82H70175IN,1.41,16.0,60990,,,,14.0,4.2,16.0,https://amazon.in/Lenovo-IdeaPad-Backlit-Warranty-82H70175IN/dp/B09M3ZCFWR/ref=sr_1_115?keywords=laptop&qid=1656489495&sr=8-115,https://images-eu.ssl-images-amazon.com/images/I/51g3U5pxFRL._SX300_SY300_QL70_ML2_.jpg,4.1 out of 5 stars
51,HP,,1.52,8.0,55539,,,,14.0,2.0,16.0,https://amazon.in/Pavilion-Multitouch-Windows-Graphics-14-Dy0207Tu/dp/B09VT6BVJF/ref=sr_1_116?keywords=laptop&qid=1656489495&sr=8-116,https://images-eu.ssl-images-amazon.com/images/I/41bGmMz-crL._SX300_SY300_QL70_ML2_.jpg,4.4 out of 5 stars
52,HP,Eq2143AU,1.69,8.0,37849,,512.0,,15.6,3.8,16.0,https://amazon.in/gp/slredirect/picassoRedirect.html/ref=pa_sp_btf_aps_sr_pg7_1?ie=UTF8&adId=A06028451XZW3A719E10X&url=%2FMicro-Edge-Anti-Glare-Graphics-Speakers-15S-Eq2143Au%2Fdp%2FB09R1MMMTH%2Fref%3Dsr_1_117_sspa%3Fkeywords%3Dlaptop%26qid%3D1656489495%26sr%3D8-117-spons%26psc%3D1&qualifier=1656489495&id=2961859091220469&widgetName=sp_btf,https://m.media-amazon.com/images/I/516+4J0tZlL._SY300_SX300_.jpg,3.7 out of 5 stars
53,HP,14s-fq1092au,1.46,8.0,47154,8.0,512.0,,14.0,4.0,16.0,https://amazon.in/gp/slredirect/picassoRedirect.html/ref=pa_sp_btf_aps_sr_pg7_1?ie=UTF8&adId=A08324291BQ7ENQ9VMB94&url=%2FHP-Micro-Edge-Graphics-Keyboard-14s-fq1092au%2Fdp%2FB09R1L73TM%2Fref%3Dsr_1_118_sspa%3Fkeywords%3Dlaptop%26qid%3D1656489495%26sr%3D8-118-spons%26psc%3D1&qualifier=1656489495&id=2961859091220469&widgetName=sp_btf,https://images-eu.ssl-images-amazon.com/images/I/41qola4WFTL._SX300_SY300_QL70_ML2_.jpg,4.3 out of 5 stars
54,Lenovo,,1.65,8.0,38480,,512.0,6.0,15.6,3.0,12.0,https://amazon.in/gp/slredirect/picassoRedirect.html/ref=pa_sp_atf_next_aps_sr_pg8_1?ie=UTF8&adId=A01647353NEETOWYOLQZF&url=%2FLenovo-IdeaPad-Windows-Warranty-82H802FJIN%2Fdp%2FB09Q5QLHSQ%2Fref%3Dsr_1_113_sspa%3Fkeywords%3Dlaptop%26qid%3D1656489498%26sr%3D8-113-spons%26psc%3D1&qualifier=1656489498&id=4037730115212175&widgetName=sp_atf_next,https://images-eu.ssl-images-amazon.com/images/I/51tbcILVglL._SX300_SY300_QL70_ML2_.jpg,4.1 out of 5 stars
55,Lenovo,,1.2,4.0,23890,,,8.0,11.6,2.8,4.0,https://amazon.in/gp/slredirect/picassoRedirect.html/ref=pa_sp_atf_next_aps_sr_pg8_1?ie=UTF8&adId=A0165471KW0SE1EV22VA&url=%2FLenovo-IdeaPad-Celeron-Platinum-81VT009UIN%2Fdp%2FB09V7ZJYBN%2Fref%3Dsr_1_114_sspa%3Fkeywords%3Dlaptop%26qid%3D1656489498%26sr%3D8-114-spons%26psc%3D1&qualifier=1656489498&id=4037730115212175&widgetName=sp_atf_next,https://m.media-amazon.com/images/I/41F52ef+pdL._SX300_SY300_.jpg,3.8 out of 5 stars
56,AVITA,,1.3,4.0,22374,4.0,128.0,8.0,14.1,2.8,4.0,https://amazon.in/AVITA-SATUS-S111-NU14A1INC43PN-CS-35-81cms/dp/B09V735YV1/ref=sr_1_115?keywords=laptop&qid=1656489498&sr=8-115,https://images-eu.ssl-images-amazon.com/images/I/41lB0K93TDL._SX300_SY300_QL70_ML2_.jpg,3.7 out of 5 stars
57,HP,,0.97,16.0,65990,,,,13.3,4.2,32.0,https://amazon.in/HP-Pavilion-Ultra-Thin-Anti-Glare-13-be0206AU/dp/B09HV4B42C/ref=sr_1_116?keywords=laptop&qid=1656489498&sr=8-116,https://images-eu.ssl-images-amazon.com/images/I/41UKf8vKt2L._SX300_SY300_QL70_ML2_.jpg,4.1 out of 5 stars
58,HP,14s-dr2016tu,1.69,8.0,56100,,512.0,,14.0,4.2,16.0,https://amazon.in/HP-Processor-Windows-Graphics-14s-dr2016tu/dp/B092MS22P1/ref=sr_1_117?keywords=laptop&qid=1656489498&sr=8-117,https://images-eu.ssl-images-amazon.com/images/I/41ewlc1t3OL._SY300_SX300_QL70_ML2_.jpg,4.2 out of 5 stars
59,HP,,2.48,16.0,104990,6.0,,,16.1,4.4,32.0,https://amazon.in/HP-Processor-16-1-inch-Graphics-16-e0361ax/dp/B09RX3NP7H/ref=sr_1_118?keywords=laptop&qid=1656489498&sr=8-118,https://images-eu.ssl-images-amazon.com/images/I/319S5IJ6MaL._SY300_SX300_QL70_ML2_.jpg,4.7 out of 5 stars
60,Lenovo,,1.2,4.0,27999,,,7.0,11.6,1.1,4.0,https://amazon.in/Lenovo-IdeaPad-Celeron-Platinum-81VT0071IN/dp/B09G9ZPV38/ref=sr_1_119?keywords=laptop&qid=1656489498&sr=8-119,https://m.media-amazon.com/images/I/41F52ef+pdL._SX300_SY300_.jpg,4.0 out of 5 stars
61,Dell,,3.6,4.0,21999,,250.0,1.5,14.0,,8.0,https://amazon.in/REFURBISHED-Dell-E6420-Discontinued-Manufacturer/dp/B07HR5Z6Y1/ref=sr_1_120?keywords=laptop&qid=1656489498&sr=8-120,https://images-eu.ssl-images-amazon.com/images/I/41rlyvlYflL._SX300_SY300_QL70_ML2_.jpg,3.0 out of 5 stars
62,HP,,1.75,16.0,67000,,512.0,4.0,15.6,4.2,16.0,https://amazon.in/HP-Pavilion-Anti-Glare-Fingerprint-15-eh1108AU/dp/B09HV3WT9J/ref=sr_1_121?keywords=laptop&qid=1656489498&sr=8-121,https://images-eu.ssl-images-amazon.com/images/I/41R2RA5Pq7L._SX300_SY300_QL70_ML2_.jpg,4.5 out of 5 stars
63,Lenovo,,1.5899999999999999,16.0,69990,32.0,,5.0,14.0,2.4,32.0,https://amazon.in/Lenovo-ThinkPad-Antiglare-Microsoft-20TAS13N00/dp/B09S5T2HR3/ref=sr_1_122?keywords=laptop&qid=1656489498&sr=8-122,https://m.media-amazon.com/images/I/51+yclVBCRL._SX300_SY300_.jpg,4.0 out of 5 stars
64,Lenovo,,1.7,8.0,32990,,1024.0,7.0,15.6,4.1,12.0,https://amazon.in/gp/slredirect/picassoRedirect.html/ref=pa_sp_mtf_aps_sr_pg8_1?ie=UTF8&adId=A016494738N1UBNN0M6MM&url=%2FLenovo-IdeaPad-Warranty-Platinum-81WB018YIN%2Fdp%2FB09Q92YBWG%2Fref%3Dsr_1_123_sspa%3Fkeywords%3Dlaptop%26qid%3D1656489498%26sr%3D8-123-spons%26psc%3D1&qualifier=1656489498&id=4037730115212175&widgetName=sp_mtf,https://images-eu.ssl-images-amazon.com/images/I/41PnIUzyYML._SX300_SY300_QL70_ML2_.jpg,3.8 out of 5 stars
65,Lenovo,,1.41,8.0,40490,,,7.5,14.0,4.1,12.0,https://amazon.in/gp/slredirect/picassoRedirect.html/ref=pa_sp_mtf_aps_sr_pg8_1?ie=UTF8&adId=A0164547NTC2WO0KFOTC&url=%2FLenovo-IdeaPad-Windows-Warranty-82H701DMIN%2Fdp%2FB09Y5VD8N7%2Fref%3Dsr_1_124_sspa%3Fkeywords%3Dlaptop%26qid%3D1656489498%26sr%3D8-124-spons%26psc%3D1&qualifier=1656489498&id=4037730115212175&widgetName=sp_mtf,https://images-eu.ssl-images-amazon.com/images/I/51No3qYfAYL._SX300_SY300_QL70_ML2_.jpg,4.1 out of 5 stars
66,ASUS,,1.6,8.0,34118,8.0,256.0,6.0,15.984251968503937,3.4,12.0,https://amazon.in/ASUS-VivoBook-i3-1005G1-Integrated-X415JA-BV311WS/dp/B09RQKJXNW/ref=sr_1_125?keywords=laptop&qid=1656489498&sr=8-125,https://images-eu.ssl-images-amazon.com/images/I/41H42FebSmL._SX300_SY300_QL70_ML2_.jpg,4.7 out of 5 stars
67,Acer,,1.4,4.0,23990,,256.0,8.0,,2.8,4.0,https://amazon.in/Acer-Travelmate-Dual-core-Processor-TMB311-31/dp/B09MM8CVRN/ref=sr_1_126?keywords=laptop&qid=1656489498&sr=8-126,https://images-eu.ssl-images-amazon.com/images/I/41Ls3cKVwnL._SY300_SX300_QL70_ML2_.jpg,4.1 out of 5 stars
68,ASUS,FA506IHRB-HN079W,2.3,,59990,8.0,512.0,,17.79527559055118,4.0,32.0,https://amazon.in/ASUS-15-6-inch-GeForce-GTX-Windows-FA506IHRB-HN079W/dp/B09ZXPNJYQ/ref=sr_1_127?keywords=laptop&qid=1656489498&sr=8-127,https://images-eu.ssl-images-amazon.com/images/I/41LDfnScXZS._SX300_SY300_QL70_ML2_.jpg,2.9 out of 5 stars
69,Lenovo,,2.3,8.0,60889,4.0,1024.0,6.8,15.6,3.0,16.0,https://amazon.in/Lenovo-Windows-Graphics-Phantom-82B500BHIN/dp/B08GG8WCW7/ref=sr_1_128?keywords=laptop&qid=1656489498&sr=8-128,https://images-eu.ssl-images-amazon.com/images/I/5174QzS5xDL._SX300_SY300_QL70_ML2_.jpg,4.5 out of 5 stars
70,HP,,1.75,8.0,55490,4.0,,,15.6,4.3,16.0,https://amazon.in/Pavilion-5-5625U-Micro-Edge-Graphics-15-Eh2018Au/dp/B09V1F51SF/ref=sr_1_129?keywords=laptop&qid=1656489498&sr=8-129,https://images-eu.ssl-images-amazon.com/images/I/41KWqUTiKLL._SX300_SY300_QL70_ML2_.jpg,4.4 out of 5 stars
71,Dell,,1.46,8.0,57400,,512.0,4.0,14.0,1.4,32.0,https://amazon.in/Dell-Inspiron-Keyboard-Platinum-C782502WIN8/dp/B09HS91B1V/ref=sr_1_130?keywords=laptop&qid=1656489498&sr=8-130,https://images-eu.ssl-images-amazon.com/images/I/41PwNDrejdL._SY300_SX300_QL70_ML2_.jpg,4.3 out of 5 stars
72,Lenovo,,1.65,8.0,38850,,512.0,7.5,15.6,3.0,12.0,https://amazon.in/Lenovo-IdeaPad-39-62cm-Warranty-82H801FKIN/dp/B09C5XN8X7/ref=sr_1_131?keywords=laptop&qid=1656489498&sr=8-131,https://images-eu.ssl-images-amazon.com/images/I/51tbcILVglL._SX300_SY300_QL70_ML2_.jpg,4.3 out of 5 stars
73,ASUS,X415EA-EB572TS,1.6,8.0,48890,,1024.0,,15.984251968503937,4.2,12.0,https://amazon.in/ASUS-VivoBook-i5-1135G7-Integrated-X415EA-EB572TS/dp/B09BF65Z1V/ref=sr_1_132?keywords=laptop&qid=1656489498&sr=8-132,https://images-eu.ssl-images-amazon.com/images/I/41DHBo5r6hL._SX300_SY300_QL70_ML2_.jpg,4.1 out of 5 stars
74,HP,14s-fq1092au,1.46,8.0,47154,8.0,512.0,,14.0,4.0,16.0,https://amazon.in/gp/slredirect/picassoRedirect.html/ref=pa_sp_btf_aps_sr_pg8_1?ie=UTF8&adId=A08324291BQ7ENQ9VMB94&url=%2FHP-Micro-Edge-Graphics-Keyboard-14s-fq1092au%2Fdp%2FB09R1L73TM%2Fref%3Dsr_1_133_sspa%3Fkeywords%3Dlaptop%26qid%3D1656489498%26sr%3D8-133-spons%26psc%3D1&qualifier=1656489498&id=4037730115212175&widgetName=sp_btf,https://images-eu.ssl-images-amazon.com/images/I/41qola4WFTL._SX300_SY300_QL70_ML2_.jpg,4.3 out of 5 stars
75,HP,14s-dy2506TU,1.46,8.0,38990,,,,14.015748031496063,3.7,16.0,https://amazon.in/gp/slredirect/picassoRedirect.html/ref=pa_sp_btf_aps_sr_pg8_1?ie=UTF8&adId=A0447151V9B07ZBYFE2A&url=%2FHP-Micro-Edge-Anti-Glare-Display-Graphics%2Fdp%2FB09MH9M5CV%2Fref%3Dsr_1_134_sspa%3Fkeywords%3Dlaptop%26qid%3D1656489498%26sr%3D8-134-spons%26psc%3D1&qualifier=1656489498&id=4037730115212175&widgetName=sp_btf,https://images-eu.ssl-images-amazon.com/images/I/51mDPrTCtgL._SX300_SY300_QL70_ML2_.jpg,4.2 out of 5 stars
76,Lenovo,,1.65,8.0,38480,,512.0,6.0,15.6,3.0,12.0,https://amazon.in/gp/slredirect/picassoRedirect.html/ref=pa_sp_atf_next_aps_sr_pg9_1?ie=UTF8&adId=A01647353NEETOWYOLQZF&url=%2FLenovo-IdeaPad-Windows-Warranty-82H802FJIN%2Fdp%2FB09Q5QLHSQ%2Fref%3Dsr_1_129_sspa%3Fkeywords%3Dlaptop%26qid%3D1656489501%26sr%3D8-129-spons%26psc%3D1&qualifier=1656489501&id=292098571594537&widgetName=sp_atf_next,https://images-eu.ssl-images-amazon.com/images/I/51tbcILVglL._SX300_SY300_QL70_ML2_.jpg,4.1 out of 5 stars
77,Lenovo,,1.2,4.0,23890,,,8.0,11.6,2.8,4.0,https://amazon.in/gp/slredirect/picassoRedirect.html/ref=pa_sp_atf_next_aps_sr_pg9_1?ie=UTF8&adId=A0165471KW0SE1EV22VA&url=%2FLenovo-IdeaPad-Celeron-Platinum-81VT009UIN%2Fdp%2FB09V7ZJYBN%2Fref%3Dsr_1_130_sspa%3Fkeywords%3Dlaptop%26qid%3D1656489501%26sr%3D8-130-spons%26psc%3D1&qualifier=1656489501&id=292098571594537&widgetName=sp_atf_next,https://m.media-amazon.com/images/I/41F52ef+pdL._SX300_SY300_.jpg,3.8 out of 5 stars
78,Dell,,1.46,16.0,61300,,,,14.0,1.4,32.0,https://amazon.in/Dell-Inspiron-Keyboard-Office-Platinum-C782505WIN8P/dp/B09HS7FJNL/ref=sr_1_131?keywords=laptop&qid=1656489501&sr=8-131,https://images-eu.ssl-images-amazon.com/images/I/41PwNDrejdL._SY300_SX300_QL70_ML2_.jpg,5.0 out of 5 stars
79,ASUS,,1.4,16.0,56990,,512.0,8.0,15.984251968503937,4.2,16.0,https://amazon.in/ASUS-Vivobook-i5-1135G7-Integrated-K413EA-EB521WS/dp/B0B1HW5BLQ/ref=sr_1_132?keywords=laptop&qid=1656489501&sr=8-132,https://images-eu.ssl-images-amazon.com/images/I/31QjB1Ub5lL._SX300_SY300_QL70_ML2_.jpg,
80,Dell,,1.58,16.0,26340,,256.0,,14.1,,,https://amazon.in/Renewed-Dell-Latitude-Laptop-E7470/dp/B08XWFRG1Z/ref=sr_1_133?keywords=laptop&qid=1656489501&sr=8-133,https://images-eu.ssl-images-amazon.com/images/I/41Wflt09rAL._SY300_SX300_QL70_ML2_.jpg,3.7 out of 5 stars
81,Dell,,1.6099999999999999,8.0,30799,,,,,1.1,32.0,https://amazon.in/Dell-Inspiron-PQC-N5030-Office21-D560756WIN9BE/dp/B0B38H96XT/ref=sr_1_134?keywords=laptop&qid=1656489501&sr=8-134,https://images-eu.ssl-images-amazon.com/images/I/41e6THlQznL._SX300_SY300_QL70_ML2_.jpg,
82,MI,,1.7,8.0,57990,,,,17.79527559055118,3.1,8.0,https://amazon.in/Notebook-Resolution-i5-11300H-15-6-inch-Fingerprint/dp/B098XLXDRS/ref=sr_1_135?keywords=laptop&qid=1656489501&sr=8-135,https://images-eu.ssl-images-amazon.com/images/I/41O7cCoUoVL._SX300_SY300_QL70_ML2_.jpg,4.2 out of 5 stars
83,MSI,Modern 14 B5M-045IN,1.3,8.0,42990,,,,14.0,4.0,64.0,https://amazon.in/MSI-Modern-14-IPS-Level-B5M-045IN/dp/B09N19ZMTP/ref=sr_1_136?keywords=laptop&qid=1656489501&sr=8-136,https://images-eu.ssl-images-amazon.com/images/I/31LS6G1mbUL._SY300_SX300_QL70_ML2_.jpg,4.0 out of 5 stars
84,Dell,,1.5,,56500,,,,14.0,2.5,32.0,https://amazon.in/Dell-Inspiron-5410-i5-11320H-ICC-C782529WIN8/dp/B0B2WWJCQC/ref=sr_1_137?keywords=laptop&qid=1656489501&sr=8-137,https://images-eu.ssl-images-amazon.com/images/I/51uhfYQZqiL._SY300_SX300_QL70_ML2_.jpg,
85,Lenovo,,1.7,8.0,35799,,256.0,9.0,15.6,4.1,12.0,https://amazon.in/Lenovo-IdeaPad-Graphics-Platinum-81WB01EFIN/dp/B09Q3FTVJF/ref=sr_1_138?keywords=laptop&qid=1656489501&sr=8-138,https://images-eu.ssl-images-amazon.com/images/I/41PnIUzyYML._SX300_SY300_QL70_ML2_.jpg,4.3 out of 5 stars
86,Lenovo,,1.7,8.0,32990,,1024.0,7.0,15.6,4.1,12.0,https://amazon.in/gp/slredirect/picassoRedirect.html/ref=pa_sp_mtf_aps_sr_pg9_1?ie=UTF8&adId=A016494738N1UBNN0M6MM&url=%2FLenovo-IdeaPad-Warranty-Platinum-81WB018YIN%2Fdp%2FB09Q92YBWG%2Fref%3Dsr_1_139_sspa%3Fkeywords%3Dlaptop%26qid%3D1656489501%26sr%3D8-139-spons%26psc%3D1&qualifier=1656489501&id=292098571594537&widgetName=sp_mtf,https://images-eu.ssl-images-amazon.com/images/I/41PnIUzyYML._SX300_SY300_QL70_ML2_.jpg,3.8 out of 5 stars
87,Lenovo,,1.41,8.0,40490,,,7.5,14.0,4.1,12.0,https://amazon.in/gp/slredirect/picassoRedirect.html/ref=pa_sp_mtf_aps_sr_pg9_1?ie=UTF8&adId=A0164547NTC2WO0KFOTC&url=%2FLenovo-IdeaPad-Windows-Warranty-82H701DMIN%2Fdp%2FB09Y5VD8N7%2Fref%3Dsr_1_140_sspa%3Fkeywords%3Dlaptop%26qid%3D1656489501%26sr%3D8-140-spons%26psc%3D1&qualifier=1656489501&id=292098571594537&widgetName=sp_mtf,https://images-eu.ssl-images-amazon.com/images/I/51No3qYfAYL._SX300_SY300_QL70_ML2_.jpg,4.1 out of 5 stars
88,ASUS,,1.7,8.0,57990,,512.0,8.0,17.79527559055118,4.4,24.0,https://amazon.in/ASUS-Vivobook-Intel-Core-i5-1240P-Graphics-X1502ZA-EJ501WS/dp/B09YHB5TZL/ref=sr_1_141?keywords=laptop&qid=1656489501&sr=8-141,https://images-eu.ssl-images-amazon.com/images/I/415qBfP09SL._SX300_SY300_QL70_ML2_.jpg,4.0 out of 5 stars
89,ASUS,X515JA-EJ701WS,1.8,16.0,57890,,512.0,,17.79527559055118,3.9,16.0,https://amazon.in/ASUS-Vivobook-X515JA-EJ701WS-I7-1065G7-Transparent/dp/B09MKWJNCP/ref=sr_1_142?keywords=laptop&qid=1656489501&sr=8-142,https://images-eu.ssl-images-amazon.com/images/I/414057taYKL._SX300_SY300_QL70_ML2_.jpg,4.3 out of 5 stars
90,ASUS,FA506IC-HN005W,2.3,4.0,76990,4.0,512.0,,17.79527559055118,4.2,32.0,https://amazon.in/ASUS-15-6-inch-NVIDIA-GeForce-RTX-3050-Graphics-FA506IC-HN005W/dp/B09RQKK6CZ/ref=sr_1_143?keywords=laptop&qid=1656489501&sr=8-143,https://images-eu.ssl-images-amazon.com/images/I/41LDfnScXZS._SX300_SY300_QL70_ML2_.jpg,4.3 out of 5 stars
91,Lenovo,,1.44,8.0,29999,8.0,256.0,,13.3,2.5,8.0,https://amazon.in/Renewed-Lenovo-ThinkPad-Ultrabook-Upgraded/dp/B09T3M77ZP/ref=sr_1_144?keywords=laptop&qid=1656489501&sr=8-144,https://images-eu.ssl-images-amazon.com/images/I/21qARedr5VL._SY300_SX300_QL70_ML2_.jpg,3.5 out of 5 stars
92,Dell,,2.65,8.0,67900,4.0,,,15.6,2.6,32.0,https://amazon.in/Dell-I5-11260H-Windows-Backlit-D560825Win9B/dp/B09XX4B9DL/ref=sr_1_145?keywords=laptop&qid=1656489501&sr=8-145,https://images-eu.ssl-images-amazon.com/images/I/415EZD5J1QL._SX300_SY300_QL70_ML2_.jpg,3.4 out of 5 stars
93,Lenovo,,1.7,8.0,48300,,,9.0,15.6,1.6,12.0,https://amazon.in/Lenovo-IdeaPad-Warranty-Platinum-81WB01DFIN/dp/B09R22856H/ref=sr_1_146?keywords=laptop&qid=1656489501&sr=8-146,https://images-eu.ssl-images-amazon.com/images/I/41PnIUzyYML._SX300_SY300_QL70_ML2_.jpg,4.0 out of 5 stars
94,HP,15s-ey2000au,1.69,8.0,36990,,,,15.6,3.8,16.0,https://amazon.in/15S-Ryzen-Micro-Edge-Anti-Glare-Graphics-15S-Ey2000Au/dp/B09WDR8653/ref=sr_1_147?keywords=laptop&qid=1656489501&sr=8-147,https://images-eu.ssl-images-amazon.com/images/I/41kipZZDJgL._SX300_SY300_QL70_ML2_.jpg,3.9 out of 5 stars
95,Lenovo,,1.85,4.0,26590,,256.0,5.5,15.6,1.1,,https://amazon.in/Lenovo-V15-IGL-82C30052IH-Celeron-Warranty/dp/B09HHLGC9V/ref=sr_1_148?keywords=laptop&qid=1656489501&sr=8-148,https://images-eu.ssl-images-amazon.com/images/I/41f0zShABaL._SY300_SX300_QL70_ML2_.jpg,3.9 out of 5 stars
96,HP,14s-fq1092au,1.46,8.0,47154,8.0,512.0,,14.0,4.0,16.0,https://amazon.in/gp/slredirect/picassoRedirect.html/ref=pa_sp_btf_aps_sr_pg9_1?ie=UTF8&adId=A08324291BQ7ENQ9VMB94&url=%2FHP-Micro-Edge-Graphics-Keyboard-14s-fq1092au%2Fdp%2FB09R1L73TM%2Fref%3Dsr_1_149_sspa%3Fkeywords%3Dlaptop%26qid%3D1656489501%26sr%3D8-149-spons%26psc%3D1&qualifier=1656489501&id=292098571594537&widgetName=sp_btf,https://images-eu.ssl-images-amazon.com/images/I/41qola4WFTL._SX300_SY300_QL70_ML2_.jpg,4.3 out of 5 stars
97,HP,14s-dy2506TU,1.46,8.0,38990,,,,14.015748031496063,3.7,16.0,https://amazon.in/gp/slredirect/picassoRedirect.html/ref=pa_sp_btf_aps_sr_pg9_1?ie=UTF8&adId=A0447151V9B07ZBYFE2A&url=%2FHP-Micro-Edge-Anti-Glare-Display-Graphics%2Fdp%2FB09MH9M5CV%2Fref%3Dsr_1_150_sspa%3Fkeywords%3Dlaptop%26qid%3D1656489501%26sr%3D8-150-spons%26psc%3D1&qualifier=1656489501&id=292098571594537&widgetName=sp_btf,https://images-eu.ssl-images-amazon.com/images/I/51mDPrTCtgL._SX300_SY300_QL70_ML2_.jpg,4.2 out of 5 stars
